"audit_run_id","decision_id","entry_time","exit_time","entry_signal","entry_price","pnl_currency","model_version","model_signal","model_confidence"
"AUDIT_NQCONT_ADV8767_BALANCED_NOCSVRISK_20260501_20260624","HunterML_NT_11285_20260507090600","2026-05-07T09:06:01.0000000","2026-05-07T09:07:18.0000000","MLLong","28806.5","-220","hunterml_20260618_203759_hist_gradient_boosting","0","0.51694467048369441"
"AUDIT_NQCONT_ADV8767_BALANCED_NOCSVRISK_20260501_20260624","HunterML_NT_11289_20260507091000","2026-05-07T09:10:01.0000000","2026-05-07T09:10:35.0000000","MLLong","28792.25","-235","hunterml_20260618_203759_hist_gradient_boosting","1","0.63824902655531301"
"AUDIT_NQCONT_ADV8767_BALANCED_NOCSVRISK_20260501_20260624","HunterML_NT_11358_20260507101900","2026-05-07T10:19:01.0000000","2026-05-07T10:22:48.0000000","MLLong","28743.25","315","hunterml_20260618_203759_hist_gradient_boosting","-1","0.56989736163076099"
"AUDIT_NQCONT_ADV8767_BALANCED_NOCSVRISK_20260501_20260624","HunterML_NT_12662_20260508090300","2026-05-08T09:03:01.0000000","2026-05-08T09:04:14.0000000","MLLong","28829","240","hunterml_20260618_203759_hist_gradient_boosting","1","0.53382471028039991"
"AUDIT_NQCONT_ADV8767_BALANCED_NOCSVRISK_20260501_20260624","HunterML_NT_12673_20260508091400","2026-05-08T09:14:01.0000000","2026-05-08T09:16:01.0000000","MLLong","28853","-70","hunterml_20260618_203759_hist_gradient_boosting","-1","0.72947536037735206"
"AUDIT_NQCONT_ADV8767_BALANCED_NOCSVRISK_20260501_20260624","HunterML_NT_12720_20260508100100","2026-05-08T10:01:01.0000000","2026-05-08T10:05:02.0000000","MLLong","28866","160","hunterml_20260618_203759_hist_gradient_boosting","-1","0.75961515943414948"
"AUDIT_NQCONT_ADV8767_BALANCED_NOCSVRISK_20260501_20260624","HunterML_NT_13679_20260511090000","2026-05-11T09:00:01.0000000","2026-05-11T09:01:01.0000000","MLLong","29325.5","-155","hunterml_20260618_203759_hist_gradient_boosting","0","0.52185462833081175"
"AUDIT_NQCONT_ADV8767_BALANCED_NOCSVRISK_20260501_20260624","HunterML_NT_13741_20260511100200","2026-05-11T10:02:04.0000000","2026-05-11T10:05:16.0000000","MLLong","29306.5","260","hunterml_20260618_203759_hist_gradient_boosting","1","0.62279140083675577"
"AUDIT_NQCONT_ADV8767_BALANCED_NOCSVRISK_20260501_20260624","HunterML_NT_13747_20260511100800","2026-05-11T10:08:02.0000000","2026-05-11T10:11:01.0000000","MLLong","29318","-95","hunterml_20260618_203759_hist_gradient_boosting","-1","0.72752045380642738"
"AUDIT_NQCONT_ADV8767_BALANCED_NOCSVRISK_20260501_20260624","HunterML_NT_15119_20260512100000","2026-05-12T10:00:01.0000000","2026-05-12T10:02:03.0000000","MLLong","29214.25","-50","hunterml_20260618_203759_hist_gradient_boosting","-1","0.68049936762128982"
"AUDIT_NQCONT_ADV8767_BALANCED_NOCSVRISK_20260501_20260624","HunterML_NT_15138_20260512101900","2026-05-12T10:19:01.0000000","2026-05-12T10:19:44.0000000","MLLong","29208.75","-215","hunterml_20260618_203759_hist_gradient_boosting","1","0.58963978345410806"
"AUDIT_NQCONT_ADV8767_BALANCED_NOCSVRISK_20260501_20260624","HunterML_NT_15150_20260512103100","2026-05-12T10:31:01.0000000","2026-05-12T10:31:16.0000000","MLLong","29241.75","-245","hunterml_20260618_203759_hist_gradient_boosting","1","0.62850107475820527"
"AUDIT_NQCONT_ADV8767_BALANCED_NOCSVRISK_20260501_20260624","HunterML_NT_16443_20260513090400","2026-05-13T09:04:01.0000000","2026-05-13T09:05:01.0000000","MLLong","29380","20","hunterml_20260618_203759_hist_gradient_boosting","-1","0.73459846636817683"
"AUDIT_NQCONT_ADV8767_BALANCED_NOCSVRISK_20260501_20260624","HunterML_NT_16452_20260513091300","2026-05-13T09:13:01.0000000","2026-05-13T09:15:32.0000000","MLLong","29411.25","390","hunterml_20260618_203759_hist_gradient_boosting","0","0.51494137945871432"
"AUDIT_NQCONT_ADV8767_BALANCED_NOCSVRISK_20260501_20260624","HunterML_NT_16459_20260513092000","2026-05-13T09:20:01.0000000","2026-05-13T09:25:09.0000000","MLLong","29431","5","hunterml_20260618_203759_hist_gradient_boosting","1","0.65690525876135208"
"AUDIT_NQCONT_ADV8767_BALANCED_NOCSVRISK_20260501_20260624","HunterML_NT_17839_20260514092000","2026-05-14T09:20:01.0000000","2026-05-14T09:21:01.0000000","MLLong","29602.75","120","hunterml_20260618_203759_hist_gradient_boosting","-1","0.73354638366470004"
"AUDIT_NQCONT_ADV8767_BALANCED_NOCSVRISK_20260501_20260624","HunterML_NT_17879_20260514100000","2026-05-14T10:00:01.0000000","2026-05-14T10:06:07.0000000","MLLong","29578","-220","hunterml_20260618_203759_hist_gradient_boosting","1","0.67890601440193787"
"AUDIT_NQCONT_ADV8767_BALANCED_NOCSVRISK_20260501_20260624","HunterML_NT_17942_20260514110300","2026-05-14T11:03:03.0000000","2026-05-14T11:11:00.0000000","MLLong","29552.5","360","hunterml_20260618_203759_hist_gradient_boosting","-1","0.60249706296473982"
"AUDIT_NQCONT_ADV8767_BALANCED_NOCSVRISK_20260501_20260624","HunterML_NT_19317_20260515105800","2026-05-15T10:58:01.0000000","2026-05-15T11:02:01.0000000","MLLong","29222.75","150","hunterml_20260618_203759_hist_gradient_boosting","-1","0.7322198052286869"
"AUDIT_NQCONT_ADV8767_BALANCED_NOCSVRISK_20260501_20260624","HunterML_NT_19327_20260515110800","2026-05-15T11:08:01.0000000","2026-05-15T11:09:01.0000000","MLLong","29260","-80","hunterml_20260618_203759_hist_gradient_boosting","-1","0.66813673075977831"
"AUDIT_NQCONT_ADV8767_BALANCED_NOCSVRISK_20260501_20260624","HunterML_NT_19347_20260515112800","2026-05-15T11:28:02.0000000","2026-05-15T11:32:01.0000000","MLLong","29275.5","255","hunterml_20260618_203759_hist_gradient_boosting","-1","0.69978615672058142"
"AUDIT_NQCONT_ADV8767_BALANCED_NOCSVRISK_20260501_20260624","HunterML_NT_20219_20260518090000","2026-05-18T09:00:01.0000000","2026-05-18T09:03:31.0000000","MLLong","29122.5","530","hunterml_20260618_203759_hist_gradient_boosting","0","0.51030556020979467"
"AUDIT_NQCONT_ADV8767_BALANCED_NOCSVRISK_20260501_20260624","HunterML_NT_20226_20260518090700","2026-05-18T09:07:01.0000000","2026-05-18T09:08:01.0000000","MLLong","29167.75","135","hunterml_20260618_203759_hist_gradient_boosting","-1","0.7192577886938869"
"AUDIT_NQCONT_ADV8767_BALANCED_NOCSVRISK_20260501_20260624","HunterML_NT_20231_20260518091200","2026-05-18T09:12:01.0000000","2026-05-18T09:22:18.0000000","MLLong","29161.25","585","hunterml_20260618_203759_hist_gradient_boosting","1","0.74682938818374611"
"AUDIT_NQCONT_ADV8767_BALANCED_NOCSVRISK_20260501_20260624","HunterML_NT_21599_20260519090000","2026-05-19T09:00:01.0000000","2026-05-19T09:02:21.0000000","MLLong","29105.25","-275","hunterml_20260618_203759_hist_gradient_boosting","0","0.50958710919673189"
"AUDIT_NQCONT_ADV8767_BALANCED_NOCSVRISK_20260501_20260624","HunterML_NT_21715_20260519105600","2026-05-19T10:56:02.0000000","2026-05-19T10:58:02.0000000","MLLong","28892","480","hunterml_20260618_203759_hist_gradient_boosting","-1","0.67135989521202122"
"AUDIT_NQCONT_ADV8767_BALANCED_NOCSVRISK_20260501_20260624","HunterML_NT_21728_20260519110900","2026-05-19T11:09:02.0000000","2026-05-19T11:11:41.0000000","MLLong","28901.5","-330","hunterml_20260618_203759_hist_gradient_boosting","1","0.61504653938469689"
"AUDIT_NQCONT_ADV8767_BALANCED_NOCSVRISK_20260501_20260624","HunterML_NT_22989_20260520091000","2026-05-20T09:10:01.0000000","2026-05-20T09:14:31.0000000","MLLong","29054.5","510","hunterml_20260618_203759_hist_gradient_boosting","-1","0.57086119819595393"
"AUDIT_NQCONT_ADV8767_BALANCED_NOCSVRISK_20260501_20260624","HunterML_NT_22997_20260520091800","2026-05-20T09:18:05.0000000","2026-05-20T09:26:01.0000000","MLLong","29074.75","340","hunterml_20260618_203759_hist_gradient_boosting","-1","0.65369541759394179"
"AUDIT_NQCONT_ADV8767_BALANCED_NOCSVRISK_20260501_20260624","HunterML_NT_23008_20260520092900","2026-05-20T09:29:01.0000000","2026-05-20T09:30:04.0000000","MLLong","29078","490","hunterml_20260618_203759_hist_gradient_boosting","1","0.56289295548602958"
"AUDIT_NQCONT_ADV8767_BALANCED_NOCSVRISK_20260501_20260624","HunterML_NT_24359_20260521090000","2026-05-21T09:00:01.0000000","2026-05-21T09:01:01.0000000","MLLong","29325.25","-85","hunterml_20260618_203759_hist_gradient_boosting","-1","0.77155037402633397"
"AUDIT_NQCONT_ADV8767_BALANCED_NOCSVRISK_20260501_20260624","HunterML_NT_24378_20260521091900","2026-05-21T09:19:01.0000000","2026-05-21T09:20:01.0000000","MLLong","29416.25","-460","hunterml_20260618_203759_hist_gradient_boosting","1","0.8176223769263754"
"AUDIT_NQCONT_ADV8767_BALANCED_NOCSVRISK_20260501_20260624","HunterML_NT_24387_20260521092800","2026-05-21T09:28:01.0000000","2026-05-21T09:29:41.0000000","MLLong","29390","615","hunterml_20260618_203759_hist_gradient_boosting","-1","0.56699257640596579"
"AUDIT_NQCONT_ADV8767_BALANCED_NOCSVRISK_20260501_20260624","HunterML_NT_25745_20260522090600","2026-05-22T09:06:01.0000000","2026-05-22T09:07:47.0000000","MLLong","29600.5","-235","hunterml_20260618_203759_hist_gradient_boosting","1","0.64936799745063056"
"AUDIT_NQCONT_ADV8767_BALANCED_NOCSVRISK_20260501_20260624","HunterML_NT_25762_20260522092300","2026-05-22T09:23:02.0000000","2026-05-22T09:30:01.0000000","MLLong","29634","-20","hunterml_20260618_203759_hist_gradient_boosting","-1","0.68816276772012419"
"AUDIT_NQCONT_ADV8767_BALANCED_NOCSVRISK_20260501_20260624","HunterML_NT_25841_20260522104200","2026-05-22T10:42:02.0000000","2026-05-22T10:45:01.0000000","MLLong","29523.25","195","hunterml_20260618_203759_hist_gradient_boosting","-1","0.66682778390513031"
"AUDIT_NQCONT_ADV8767_BALANCED_NOCSVRISK_20260501_20260624","HunterML_NT_27094_20260525143500","2026-05-25T14:35:01.0000000","2026-05-25T14:37:01.0000000","MLLong","29957.5","90","hunterml_20260618_203759_hist_gradient_boosting","-1","0.71986013500470714"
"AUDIT_NQCONT_ADV8767_BALANCED_NOCSVRISK_20260501_20260624","HunterML_NT_27910_20260526091100","2026-05-26T09:11:04.0000000","2026-05-26T09:15:52.0000000","MLLong","29779","-225","hunterml_20260618_203759_hist_gradient_boosting","1","0.62440137468345003"
"AUDIT_NQCONT_ADV8767_BALANCED_NOCSVRISK_20260501_20260624","HunterML_NT_27920_20260526092100","2026-05-26T09:21:01.0000000","2026-05-26T09:24:01.0000000","MLLong","29779.5","70","hunterml_20260618_203759_hist_gradient_boosting","-1","0.77542681083007714"
"AUDIT_NQCONT_ADV8767_BALANCED_NOCSVRISK_20260501_20260624","HunterML_NT_27926_20260526092700","2026-05-26T09:27:03.0000000","2026-05-26T09:30:01.0000000","MLLong","29779.25","205","hunterml_20260618_203759_hist_gradient_boosting","-1","0.78112344150247137"
"AUDIT_NQCONT_ADV8767_BALANCED_NOCSVRISK_20260501_20260624","HunterML_NT_29280_20260527090100","2026-05-27T09:01:01.0000000","2026-05-27T09:01:35.0000000","MLLong","30133","230","hunterml_20260618_203759_hist_gradient_boosting","1","0.8206430448633627"
"AUDIT_NQCONT_ADV8767_BALANCED_NOCSVRISK_20260501_20260624","HunterML_NT_29284_20260527090500","2026-05-27T09:05:02.0000000","2026-05-27T09:06:01.0000000","MLLong","30144.25","120","hunterml_20260618_203759_hist_gradient_boosting","-1","0.66640997924867484"
"AUDIT_NQCONT_ADV8767_BALANCED_NOCSVRISK_20260501_20260624","HunterML_NT_29378_20260527103900","2026-05-27T10:39:01.0000000","2026-05-27T10:44:06.0000000","MLLong","30201.25","-165","hunterml_20260618_203759_hist_gradient_boosting","1","0.70585705413327093"
"AUDIT_NQCONT_ADV8767_BALANCED_NOCSVRISK_20260501_20260624","HunterML_NT_30659_20260528090000","2026-05-28T09:00:01.0000000","2026-05-28T09:02:01.0000000","MLLong","29958","135","hunterml_20260618_203759_hist_gradient_boosting","-1","0.74087282693392087"
"AUDIT_NQCONT_ADV8767_BALANCED_NOCSVRISK_20260501_20260624","HunterML_NT_30668_20260528090900","2026-05-28T09:09:01.0000000","2026-05-28T09:12:02.0000000","MLLong","29968","145","hunterml_20260618_203759_hist_gradient_boosting","-1","0.67585505933479451"
"AUDIT_NQCONT_ADV8767_BALANCED_NOCSVRISK_20260501_20260624","HunterML_NT_30674_20260528091500","2026-05-28T09:15:02.0000000","2026-05-28T09:22:25.0000000","MLLong","29964.5","420","hunterml_20260618_203759_hist_gradient_boosting","1","0.61951437347865923"
"AUDIT_NQCONT_ADV8767_BALANCED_NOCSVRISK_20260501_20260624","HunterML_NT_32039_20260529090000","2026-05-29T09:00:01.0000000","2026-05-29T09:00:40.0000000","MLLong","30301.5","260","hunterml_20260618_203759_hist_gradient_boosting","1","0.64114755815606872"
"AUDIT_NQCONT_ADV8767_BALANCED_NOCSVRISK_20260501_20260624","HunterML_NT_32045_20260529090600","2026-05-29T09:06:03.0000000","2026-05-29T09:06:54.0000000","MLLong","30306.25","-225","hunterml_20260618_203759_hist_gradient_boosting","1","0.55095295672094124"
"AUDIT_NQCONT_ADV8767_BALANCED_NOCSVRISK_20260501_20260624","HunterML_NT_32050_20260529091100","2026-05-29T09:11:01.0000000","2026-05-29T09:15:02.0000000","MLLong","30303.5","165","hunterml_20260618_203759_hist_gradient_boosting","-1","0.65940499849023315"
"AUDIT_NQCONT_ADV8767_BALANCED_NOCSVRISK_20260501_20260624","HunterML_NT_33119_20260601100000","2026-06-01T10:00:01.0000000","2026-06-01T10:01:01.0000000","MLLong","30501","110","hunterml_20260618_203759_hist_gradient_boosting","-1","0.91873999996420519"
"AUDIT_NQCONT_ADV8767_BALANCED_NOCSVRISK_20260501_20260624","HunterML_NT_33190_20260601111100","2026-06-01T11:11:01.0000000","2026-06-01T11:13:01.0000000","MLLong","30474.75","150","hunterml_20260618_203759_hist_gradient_boosting","-1","0.66785519622467115"
"AUDIT_NQCONT_ADV8767_BALANCED_NOCSVRISK_20260501_20260624","HunterML_NT_33203_20260601112400","2026-06-01T11:24:02.0000000","2026-06-01T11:29:26.0000000","MLLong","30475.5","255","hunterml_20260618_203759_hist_gradient_boosting","1","0.53569854235914627"
"AUDIT_NQCONT_ADV8767_BALANCED_NOCSVRISK_20260501_20260624","HunterML_NT_34440_20260602090100","2026-06-02T09:01:01.0000000","2026-06-02T09:02:08.0000000","MLLong","30538.5","290","hunterml_20260618_203759_hist_gradient_boosting","1","0.57774326396164888"
"AUDIT_NQCONT_ADV8767_BALANCED_NOCSVRISK_20260501_20260624","HunterML_NT_34446_20260602090700","2026-06-02T09:07:01.0000000","2026-06-02T09:09:01.0000000","MLLong","30551.5","120","hunterml_20260618_203759_hist_gradient_boosting","-1","0.67936880411458078"
"AUDIT_NQCONT_ADV8767_BALANCED_NOCSVRISK_20260501_20260624","HunterML_NT_34451_20260602091200","2026-06-02T09:12:01.0000000","2026-06-02T09:13:32.0000000","MLLong","30547.25","340","hunterml_20260618_203759_hist_gradient_boosting","1","0.76432311257203189"
"AUDIT_NQCONT_ADV8767_BALANCED_NOCSVRISK_20260501_20260624","HunterML_NT_35823_20260603090400","2026-06-03T09:04:01.0000000","2026-06-03T09:11:21.0000000","MLLong","30718.25","300","hunterml_20260618_203759_hist_gradient_boosting","0","0.50713023220004316"
"AUDIT_NQCONT_ADV8767_BALANCED_NOCSVRISK_20260501_20260624","HunterML_NT_35886_20260603100700","2026-06-03T10:07:02.0000000","2026-06-03T10:08:33.0000000","MLLong","30722","225","hunterml_20260618_203759_hist_gradient_boosting","1","0.82523125107982453"
"AUDIT_NQCONT_ADV8767_BALANCED_NOCSVRISK_20260501_20260624","HunterML_NT_35893_20260603101400","2026-06-03T10:14:01.0000000","2026-06-03T10:15:44.0000000","MLLong","30745.25","-185","hunterml_20260618_203759_hist_gradient_boosting","1","0.87988726175034815"
"AUDIT_NQCONT_ADV8767_BALANCED_NOCSVRISK_20260501_20260624","HunterML_NT_37289_20260604103000","2026-06-04T10:30:01.0000000","2026-06-04T10:35:01.0000000","MLLong","30303.5","435","hunterml_20260618_203759_hist_gradient_boosting","-1","0.68963521432769359"
"AUDIT_NQCONT_ADV8767_BALANCED_NOCSVRISK_20260501_20260624","HunterML_NT_37306_20260604104700","2026-06-04T10:47:01.0000000","2026-06-04T10:50:01.0000000","MLLong","30319.75","170","hunterml_20260618_203759_hist_gradient_boosting","-1","0.68433789977022796"
"AUDIT_NQCONT_ADV8767_BALANCED_NOCSVRISK_20260501_20260624","HunterML_NT_37322_20260604110300","2026-06-04T11:03:01.0000000","2026-06-04T11:05:01.0000000","MLLong","30326","-50","hunterml_20260618_203759_hist_gradient_boosting","-1","0.71131599073276885"
"AUDIT_NQCONT_ADV8767_BALANCED_NOCSVRISK_20260501_20260624","HunterML_NT_38580_20260605090100","2026-06-05T09:01:01.0000000","2026-06-05T09:02:41.0000000","MLLong","30144.25","-25","hunterml_20260618_203759_hist_gradient_boosting","-1","0.60202304924542327"
"AUDIT_NQCONT_ADV8767_BALANCED_NOCSVRISK_20260501_20260624","HunterML_NT_38594_20260605091500","2026-06-05T09:15:01.0000000","2026-06-05T09:21:28.0000000","MLLong","30142.25","480","hunterml_20260618_203759_hist_gradient_boosting","1","0.73312898233706614"
"AUDIT_NQCONT_ADV8767_BALANCED_NOCSVRISK_20260501_20260624","HunterML_NT_38603_20260605092400","2026-06-05T09:24:03.0000000","2026-06-05T09:29:09.0000000","MLLong","30181.75","530","hunterml_20260618_203759_hist_gradient_boosting","1","0.62982745737964729"
"AUDIT_NQCONT_ADV8767_BALANCED_NOCSVRISK_20260501_20260624","HunterML_NT_39676_20260608101700","2026-06-08T10:17:01.0000000","2026-06-08T10:20:01.0000000","MLLong","29200.5","-100","hunterml_20260618_203759_hist_gradient_boosting","-1","0.7134504599036986"
"AUDIT_NQCONT_ADV8767_BALANCED_NOCSVRISK_20260501_20260624","HunterML_NT_39703_20260608104400","2026-06-08T10:44:02.0000000","2026-06-08T10:46:01.0000000","MLLong","29220.5","90","hunterml_20260618_203759_hist_gradient_boosting","-1","0.67223564305862604"
"AUDIT_NQCONT_ADV8767_BALANCED_NOCSVRISK_20260501_20260624","HunterML_NT_39727_20260608110800","2026-06-08T11:08:01.0000000","2026-06-08T11:10:01.0000000","MLLong","29231.25","-190","hunterml_20260618_203759_hist_gradient_boosting","-1","0.68194885823002716"
"AUDIT_NQCONT_ADV8767_BALANCED_NOCSVRISK_20260501_20260624","HunterML_NT_40990_20260609091100","2026-06-09T09:11:04.0000000","2026-06-09T09:13:01.0000000","MLLong","29632.75","395","hunterml_20260618_203759_hist_gradient_boosting","-1","0.82892485578481701"
"AUDIT_NQCONT_ADV8767_BALANCED_NOCSVRISK_20260501_20260624","HunterML_NT_40996_20260609091700","2026-06-09T09:17:01.0000000","2026-06-09T09:29:01.0000000","MLLong","29654.75","175","hunterml_20260618_203759_hist_gradient_boosting","-1","0.67330488444360914"
"AUDIT_NQCONT_ADV8767_BALANCED_NOCSVRISK_20260501_20260624","HunterML_NT_41053_20260609101400","2026-06-09T10:14:10.0000000","2026-06-09T10:21:01.0000000","MLLong","29665.25","100","hunterml_20260618_203759_hist_gradient_boosting","-1","0.66618952380990881"
"AUDIT_NQCONT_ADV8767_BALANCED_NOCSVRISK_20260501_20260624","HunterML_NT_42359_20260610090000","2026-06-10T09:00:01.0000000","2026-06-10T09:00:21.0000000","MLLong","28961.75","-380","hunterml_20260618_203759_hist_gradient_boosting","1","0.60878728444242602"
"AUDIT_NQCONT_ADV8767_BALANCED_NOCSVRISK_20260501_20260624","HunterML_NT_42448_20260610102900","2026-06-10T10:29:01.0000000","2026-06-10T10:31:01.0000000","MLLong","28769.25","285","hunterml_20260618_203759_hist_gradient_boosting","-1","0.69951178899452882"
"AUDIT_NQCONT_ADV8767_BALANCED_NOCSVRISK_20260501_20260624","HunterML_NT_42453_20260610103400","2026-06-10T10:34:02.0000000","2026-06-10T10:35:01.0000000","MLLong","28776.25","35","hunterml_20260618_203759_hist_gradient_boosting","-1","0.77769037702795585"
"AUDIT_NQCONT_ADV8767_BALANCED_NOCSVRISK_20260501_20260624","HunterML_NT_43744_20260611090500","2026-06-11T09:05:01.0000000","2026-06-11T09:08:01.0000000","MLLong","28871.75","490","hunterml_20260618_203759_hist_gradient_boosting","-1","0.76506021636984445"
"AUDIT_NQCONT_ADV8767_BALANCED_NOCSVRISK_20260501_20260624","HunterML_NT_43755_20260611091600","2026-06-11T09:16:01.0000000","2026-06-11T09:20:01.0000000","MLLong","28902","220","hunterml_20260618_203759_hist_gradient_boosting","-1","0.7038309756037564"
"AUDIT_NQCONT_ADV8767_BALANCED_NOCSVRISK_20260501_20260624","HunterML_NT_43765_20260611092600","2026-06-11T09:26:01.0000000","2026-06-11T09:29:11.0000000","MLLong","28925.25","-350","hunterml_20260618_203759_hist_gradient_boosting","1","0.52345510495801195"
"AUDIT_NQCONT_ADV8767_BALANCED_NOCSVRISK_20260501_20260624","HunterML_NT_45124_20260612090500","2026-06-12T09:05:03.0000000","2026-06-12T09:08:23.0000000","MLLong","29744.75","305","hunterml_20260618_203759_hist_gradient_boosting","-1","0.74290380895083552"
"AUDIT_NQCONT_ADV8767_BALANCED_NOCSVRISK_20260501_20260624","HunterML_NT_45132_20260612091300","2026-06-12T09:13:01.0000000","2026-06-12T09:16:03.0000000","MLLong","29755.25","-175","hunterml_20260618_203759_hist_gradient_boosting","-1","0.70317677382850208"
"AUDIT_NQCONT_ADV8767_BALANCED_NOCSVRISK_20260501_20260624","HunterML_NT_45140_20260612092100","2026-06-12T09:21:01.0000000","2026-06-12T09:22:01.0000000","MLLong","29809.25","410","hunterml_20260618_203759_hist_gradient_boosting","-1","0.81762517502448551"
"AUDIT_NQCONT_ADV8767_BALANCED_NOCSVRISK_20260501_20260624","HunterML_NT_46141_20260615090300","2026-06-15T09:03:01.0000000","2026-06-15T09:04:02.0000000","MLLong","30577.5","130","hunterml_20260618_203759_hist_gradient_boosting","-1","0.71654810239617628"
"AUDIT_NQCONT_ADV8767_BALANCED_NOCSVRISK_20260501_20260624","HunterML_NT_46147_20260615090900","2026-06-15T09:09:03.0000000","2026-06-15T09:10:17.0000000","MLLong","30562.5","440","hunterml_20260618_203759_hist_gradient_boosting","-1","0.5562401380833778"
"AUDIT_NQCONT_ADV8767_BALANCED_NOCSVRISK_20260501_20260624","HunterML_NT_46165_20260615092700","2026-06-15T09:27:01.0000000","2026-06-15T09:28:02.0000000","MLLong","30590.5","275","hunterml_20260618_203759_hist_gradient_boosting","-1","0.69868498881662111"
"AUDIT_NQCONT_ADV8767_BALANCED_NOCSVRISK_20260501_20260624","HunterML_NT_47533_20260616091500","2026-06-16T09:15:01.0000000","2026-06-16T09:16:11.0000000","MLLong","30871.75","345","hunterml_20260618_203759_hist_gradient_boosting","-1","0.64324227759446229"
"AUDIT_NQCONT_ADV8767_BALANCED_NOCSVRISK_20260501_20260624","HunterML_NT_47578_20260616100000","2026-06-16T10:00:01.0000000","2026-06-16T10:15:24.0000000","MLLong","30927.25","-275","hunterml_20260618_203759_hist_gradient_boosting","1","0.52730437616897852"
"AUDIT_NQCONT_ADV8767_BALANCED_NOCSVRISK_20260501_20260624","HunterML_NT_47647_20260616110900","2026-06-16T11:09:01.0000000","2026-06-16T11:14:01.0000000","MLLong","30890.75","50","hunterml_20260618_203759_hist_gradient_boosting","-1","0.68411078657312552"
"AUDIT_NQCONT_ADV8767_BALANCED_NOCSVRISK_20260501_20260624","HunterML_NT_48899_20260617090100","2026-06-17T09:01:02.0000000","2026-06-17T09:04:08.0000000","MLLong","30572.25","-185","hunterml_20260618_203759_hist_gradient_boosting","-1","0.55797977743860117"
"AUDIT_NQCONT_ADV8767_BALANCED_NOCSVRISK_20260501_20260624","HunterML_NT_48906_20260617090800","2026-06-17T09:08:02.0000000","2026-06-17T09:10:03.0000000","MLLong","30573","75","hunterml_20260618_203759_hist_gradient_boosting","-1","0.69840944037257868"
"AUDIT_NQCONT_ADV8767_BALANCED_NOCSVRISK_20260501_20260624","HunterML_NT_48958_20260617100000","2026-06-17T10:00:01.0000000","2026-06-17T10:05:03.0000000","MLLong","30510.75","145","hunterml_20260618_203759_hist_gradient_boosting","-1","0.68944562783326624"
"AUDIT_NQCONT_ADV8767_BALANCED_NOCSVRISK_20260501_20260624","HunterML_NT_50292_20260618091400","2026-06-18T09:14:01.0000000","2026-06-18T09:15:48.0000000","MLLong","30488.5","-315","hunterml_20260618_203759_hist_gradient_boosting","1","0.80656923638967426"
"AUDIT_NQCONT_ADV8767_BALANCED_NOCSVRISK_20260501_20260624","HunterML_NT_50357_20260618101900","2026-06-18T10:19:01.0000000","2026-06-18T10:24:08.0000000","MLLong","30438.25","-290","hunterml_20260618_203759_hist_gradient_boosting","-1","0.5644094625409859"
"AUDIT_NQCONT_ADV8767_BALANCED_NOCSVRISK_20260501_20260624","HunterML_NT_50365_20260618102700","2026-06-18T10:27:03.0000000","2026-06-18T10:39:04.0000000","MLLong","30431.5","375","hunterml_20260618_203759_hist_gradient_boosting","-1","0.5756492737091079"
"AUDIT_NQCONT_ADV8767_BALANCED_NOCSVRISK_20260501_20260624","HunterML_NT_51660_20260619090200","2026-06-19T09:02:10.0000000","2026-06-19T09:11:15.0000000","MLLong","30618.5","340","hunterml_20260618_203759_hist_gradient_boosting","0","0.50693309503049455"
"AUDIT_NQCONT_ADV8767_BALANCED_NOCSVRISK_20260501_20260624","HunterML_NT_51720_20260619100200","2026-06-19T10:02:01.0000000","2026-06-19T10:04:38.0000000","MLLong","30655.25","-205","hunterml_20260618_203759_hist_gradient_boosting","0","0.51777075422773977"
"AUDIT_NQCONT_ADV8767_BALANCED_NOCSVRISK_20260501_20260624","HunterML_NT_51755_20260619103700","2026-06-19T10:37:01.0000000","2026-06-19T10:43:12.0000000","MLLong","30637.75","-195","hunterml_20260618_203759_hist_gradient_boosting","1","0.54205929819516474"
"AUDIT_NQCONT_ADV8767_BALANCED_NOCSVRISK_20260501_20260624","HunterML_NT_52507_20260622100900","2026-06-22T10:09:01.0000000","2026-06-22T10:13:04.0000000","MLLong","30748","-50","hunterml_20260618_203759_hist_gradient_boosting","-1","0.73737909578984395"
"AUDIT_NQCONT_ADV8767_BALANCED_NOCSVRISK_20260501_20260624","HunterML_NT_52680_20260622130200","2026-06-22T13:02:04.0000000","2026-06-22T13:07:01.0000000","MLLong","30760.25","145","hunterml_20260618_203759_hist_gradient_boosting","-1","0.73700794286664006"
"AUDIT_NQCONT_ADV8767_BALANCED_NOCSVRISK_20260501_20260624","HunterML_NT_52716_20260622133800","2026-06-22T13:38:01.0000000","2026-06-22T13:42:18.0000000","MLLong","30828.5","-250","hunterml_20260618_203759_hist_gradient_boosting","0","0.51868766737301841"
"AUDIT_NQCONT_ADV8767_BALANCED_NOCSVRISK_20260501_20260624","HunterML_NT_53879_20260623100100","2026-06-23T10:01:01.0000000","2026-06-23T10:08:26.0000000","MLLong","29851.75","10","hunterml_20260618_203759_hist_gradient_boosting","1","0.68055225105261274"
"AUDIT_NQCONT_ADV8767_BALANCED_NOCSVRISK_20260501_20260624","HunterML_NT_53889_20260623101100","2026-06-23T10:11:01.0000000","2026-06-23T10:14:01.0000000","MLLong","29871.75","555","hunterml_20260618_203759_hist_gradient_boosting","-1","0.87353757478554139"
"AUDIT_NQCONT_ADV8767_BALANCED_NOCSVRISK_20260501_20260624","HunterML_NT_53895_20260623101700","2026-06-23T10:17:03.0000000","2026-06-23T10:21:01.0000000","MLLong","29904.75","85","hunterml_20260618_203759_hist_gradient_boosting","-1","0.85116749191879659"
"AUDIT_NQCONT_ADV8767_BALANCED_NOCSVRISK_20260501_20260624","HunterML_NT_55205_20260624090700","2026-06-24T09:07:02.0000000","2026-06-24T09:13:54.0000000","MLLong","29824.5","560","hunterml_20260618_203759_hist_gradient_boosting","1","0.54323301541807323"
"AUDIT_NQCONT_ADV8767_BALANCED_NOCSVRISK_20260501_20260624","HunterML_NT_55215_20260624091700","2026-06-24T09:17:01.0000000","2026-06-24T09:21:30.0000000","MLLong","29846.75","-375","hunterml_20260618_203759_hist_gradient_boosting","1","0.68589753449365365"
"AUDIT_NQCONT_ADV8767_BALANCED_NOCSVRISK_20260501_20260624","HunterML_NT_55222_20260624092400","2026-06-24T09:24:04.0000000","2026-06-24T09:33:01.0000000","MLLong","29835.25","555","hunterml_20260618_203759_hist_gradient_boosting","-1","0.56337599472644284"
"AUDIT_NQCONT_ADV8767_BALANCED_NOCSVRISK_20260501_20260624","HunterML_NT_55712_20260625090000","2026-06-25T09:00:01.0000000","2026-06-25T09:00:14.0000000","MLLong","30177.75","-205","hunterml_20260618_203759_hist_gradient_boosting","1","0.65097845887585415"
"AUDIT_NQCONT_ADV8767_BALANCED_NOCSVRISK_20260501_20260624","HunterML_NT_55718_20260625090600","2026-06-25T09:06:02.0000000","2026-06-25T09:08:02.0000000","MLLong","30193.5","95","hunterml_20260618_203759_hist_gradient_boosting","-1","0.65314452769938869"
"AUDIT_NQCONT_ADV8767_BALANCED_NOCSVRISK_20260501_20260624","HunterML_NT_55789_20260625101700","2026-06-25T10:17:01.0000000","2026-06-25T10:17:36.0000000","MLLong","30149","-265","hunterml_20260618_203759_hist_gradient_boosting","1","0.56209742897144199"
"AUDIT_NQCONT_ADV8767_BALANCED_NOCSVRISK_20260501_20260624","HunterML_NT_57092_20260626090000","2026-06-26T09:00:01.0000000","2026-06-26T09:01:35.0000000","MLLong","29532.75","-410","hunterml_20260618_203759_hist_gradient_boosting","1","0.55946239431482447"
"AUDIT_NQCONT_ADV8767_BALANCED_NOCSVRISK_20260501_20260624","HunterML_NT_57121_20260626092900","2026-06-26T09:29:03.0000000","2026-06-26T09:30:11.0000000","MLLong","29508.75","-400","hunterml_20260618_203759_hist_gradient_boosting","1","0.60709342493169849"
"AUDIT_NQCONT_ADV8767_BALANCED_NOCSVRISK_20260501_20260624","HunterML_NT_57190_20260626103800","2026-06-26T10:38:01.0000000","2026-06-26T10:40:02.0000000","MLLong","29395.75","0","hunterml_20260618_203759_hist_gradient_boosting","-1","0.66911663428464196"
"AUDIT_NQCONT_ADV8767_BALANCED_NOCSVRISK_20260501_20260624","HunterML_NT_6134_20260501091500","2026-05-01T09:15:02.0000000","2026-05-01T09:22:17.0000000","MLLong","27589.5","-160","hunterml_20260618_203759_hist_gradient_boosting","1","0.59048173096430223"
"AUDIT_NQCONT_ADV8767_BALANCED_NOCSVRISK_20260501_20260624","HunterML_NT_6209_20260501103000","2026-05-01T10:30:01.0000000","2026-05-01T10:32:01.0000000","MLLong","27561.5","-50","hunterml_20260618_203759_hist_gradient_boosting","-1","0.66417962924961338"
"AUDIT_NQCONT_ADV8767_BALANCED_NOCSVRISK_20260501_20260624","HunterML_NT_6221_20260501104200","2026-05-01T10:42:01.0000000","2026-05-01T10:44:07.0000000","MLLong","27565","30","hunterml_20260618_203759_hist_gradient_boosting","-1","0.73785656558744839"
"AUDIT_NQCONT_ADV8767_BALANCED_NOCSVRISK_20260501_20260624","HunterML_NT_7168_20260504092900","2026-05-04T09:29:01.0000000","2026-05-04T09:31:03.0000000","MLLong","27905.25","-35","hunterml_20260618_203759_hist_gradient_boosting","-1","0.68254894424879131"
"AUDIT_NQCONT_ADV8767_BALANCED_NOCSVRISK_20260501_20260624","HunterML_NT_7205_20260504100600","2026-05-04T10:06:01.0000000","2026-05-04T10:17:01.0000000","MLLong","27905.5","25","hunterml_20260618_203759_hist_gradient_boosting","-1","0.72793331552342833"
"AUDIT_NQCONT_ADV8767_BALANCED_NOCSVRISK_20260501_20260624","HunterML_NT_7290_20260504113100","2026-05-04T11:31:01.0000000","2026-05-04T11:32:02.0000000","MLLong","27758","915","hunterml_20260618_203759_hist_gradient_boosting","1","0.65394479041877274"
"AUDIT_NQCONT_ADV8767_BALANCED_NOCSVRISK_20260501_20260624","HunterML_NT_8524_20260505090500","2026-05-05T09:05:01.0000000","2026-05-05T09:11:02.0000000","MLLong","27901.75","270","hunterml_20260618_203759_hist_gradient_boosting","-1","0.66203025158645845"
"AUDIT_NQCONT_ADV8767_BALANCED_NOCSVRISK_20260501_20260624","HunterML_NT_8536_20260505091700","2026-05-05T09:17:01.0000000","2026-05-05T09:19:01.0000000","MLLong","27922.75","100","hunterml_20260618_203759_hist_gradient_boosting","-1","0.81109166732247007"
"AUDIT_NQCONT_ADV8767_BALANCED_NOCSVRISK_20260501_20260624","HunterML_NT_8591_20260505101200","2026-05-05T10:12:07.0000000","2026-05-05T10:16:48.0000000","MLLong","27933.75","-200","hunterml_20260618_203759_hist_gradient_boosting","1","0.54979308418831996"
"AUDIT_NQCONT_ADV8767_BALANCED_NOCSVRISK_20260501_20260624","HunterML_NT_9899_20260506090000","2026-05-06T09:00:01.0000000","2026-05-06T09:04:02.0000000","MLLong","28347","30","hunterml_20260618_203759_hist_gradient_boosting","-1","0.68263294833903576"
"AUDIT_NQCONT_ADV8767_BALANCED_NOCSVRISK_20260501_20260624","HunterML_NT_9909_20260506091000","2026-05-06T09:10:01.0000000","2026-05-06T09:11:01.0000000","MLLong","28352.25","130","hunterml_20260618_203759_hist_gradient_boosting","-1","0.70759840369333427"
"AUDIT_NQCONT_ADV8767_BALANCED_NOCSVRISK_20260501_20260624","HunterML_NT_9914_20260506091500","2026-05-06T09:15:01.0000000","2026-05-06T09:15:59.0000000","MLLong","28347.5","-200","hunterml_20260618_203759_hist_gradient_boosting","1","0.74288364648389971"
