"audit_run_id","decision_id","entry_time","exit_time","entry_signal","entry_price","exit_price","pnl_currency","mae_ticks","mfe_ticks","mae_currency","mfe_currency","initial_stop_ticks","target_ticks","model_version","model_signal","model_confidence"
"AUDIT_NQCONT_REDTIME_SHORTSTOP180_20260628","HunterML_NT_6122_20260501090300","2026-05-01T09:03:04.0000000","2026-05-01T09:11:57.0000000","MLShort","27580.75","27590.5","-195","39","21","195","105","35","52","hunterml_20260606_010015","1","0.37662200826698278"
"AUDIT_NQCONT_REDTIME_SHORTSTOP180_20260628","HunterML_NT_6134_20260501091500","2026-05-01T09:15:02.0000000","2026-05-01T09:22:17.0000000","MLLong","27589.5","27581.5","-160","32","33","160","165","32","48","hunterml_20260606_010015","1","0.35608707650139104"
"AUDIT_NQCONT_REDTIME_SHORTSTOP180_20260628","HunterML_NT_6146_20260501092700","2026-05-01T09:27:01.0000000","2026-05-01T09:30:05.0000000","MLLong","27589.25","27581","-165","33","9","165","45","31","46","hunterml_20260606_010015","1","0.39751311070093126"
"AUDIT_NQCONT_REDTIME_SHORTSTOP180_20260628","HunterML_NT_6193_20260501101400","2026-05-01T10:14:01.0000000","2026-05-01T10:22:42.0000000","MLShort","27557.25","27563.75","-130","26","17","130","85","24","36","hunterml_20260606_010015","1","0.34670155682226761"
"AUDIT_NQCONT_REDTIME_SHORTSTOP180_20260628","HunterML_NT_6261_20260501112200","2026-05-01T11:22:01.0000000","2026-05-01T11:25:01.0000000","MLLong","27574.5","27568.25","-125","25","8","125","40","22","33","hunterml_20260606_010015","1","0.38398773804230785"
"AUDIT_NQCONT_REDTIME_SHORTSTOP180_20260628","HunterML_NT_6281_20260501114200","2026-05-01T11:42:01.0000000","2026-05-01T11:46:05.0000000","MLShort","27546","27553","-140","28","4","140","20","29","44","hunterml_20260606_010015","1","0.3985010873284075"
"AUDIT_NQCONT_REDTIME_SHORTSTOP180_20260628","HunterML_NT_6319_20260501122000","2026-05-01T12:20:01.0000000","2026-05-01T12:22:24.0000000","MLLong","27560.5","27552","-170","34","16","170","80","32","48","hunterml_20260606_010015","1","0.3603625478572971"
"AUDIT_NQCONT_REDTIME_SHORTSTOP180_20260628","HunterML_NT_6408_20260501134900","2026-05-01T13:49:01.0000000","2026-05-01T14:04:26.0000000","MLShort","27579.25","27592","-255","51","23","255","115","51","76","hunterml_20260606_010015","-1","0.3700960141548631"
"AUDIT_NQCONT_REDTIME_SHORTSTOP180_20260628","HunterML_NT_6445_20260501142600","2026-05-01T14:26:01.0000000","2026-05-01T14:28:01.0000000","MLLong","27611.5","27626.5","300","16","60","80","300","40","60","hunterml_20260606_010015","-1","0.36612436338641091"
"AUDIT_NQCONT_REDTIME_SHORTSTOP180_20260628","HunterML_NT_7150_20260504091100","2026-05-04T09:11:01.0000000","2026-05-04T09:18:40.0000000","MLShort","27890.75","27870.5","405","6","81","30","405","54","81","hunterml_20260606_010015","-1","0.35295692137089629"
"AUDIT_NQCONT_REDTIME_SHORTSTOP180_20260628","HunterML_NT_7160_20260504092100","2026-05-04T09:21:01.0000000","2026-05-04T09:26:06.0000000","MLShort","27885.5","27898","-250","50","27","250","135","50","75","hunterml_20260606_010015","1","0.38618902398049909"
"AUDIT_NQCONT_REDTIME_SHORTSTOP180_20260628","HunterML_NT_7208_20260504100900","2026-05-04T10:09:04.0000000","2026-05-04T10:16:34.0000000","MLLong","27903","27903.25","5","8","49","40","245","34","51","hunterml_20260606_010015","1","0.36310157397366488"
"AUDIT_NQCONT_REDTIME_SHORTSTOP180_20260628","HunterML_NT_7259_20260504110000","2026-05-04T11:00:01.0000000","2026-05-04T11:01:59.0000000","MLShort","27891","27879","240","24","48","120","240","32","48","hunterml_20260606_010015","-1","0.38865207173020883"
"AUDIT_NQCONT_REDTIME_SHORTSTOP180_20260628","HunterML_NT_7276_20260504111700","2026-05-04T11:17:01.0000000","2026-05-04T11:21:55.0000000","MLShort","27712.75","27662.5","1005","83","201","415","1005","134","201","hunterml_20260606_010015","1","0.36845727759246855"
"AUDIT_NQCONT_REDTIME_SHORTSTOP180_20260628","HunterML_NT_7445_20260504140600","2026-05-04T14:06:01.0000000","2026-05-04T14:10:01.0000000","MLShort","27840.25","27861.25","-420","84","6","420","30","84","126","hunterml_20260606_010015","1","0.39575641954106322"
"AUDIT_NQCONT_REDTIME_SHORTSTOP180_20260628","HunterML_NT_8529_20260505091000","2026-05-05T09:10:02.0000000","2026-05-05T09:12:34.0000000","MLLong","27907.25","27920.75","270","7","54","35","270","36","54","hunterml_20260606_010015","1","0.35898604299795683"
"AUDIT_NQCONT_REDTIME_SHORTSTOP180_20260628","HunterML_NT_8534_20260505091500","2026-05-05T09:15:01.0000000","2026-05-05T09:30:01.0000000","MLLong","27927.25","27917.25","-200","40","31","200","155","40","60","hunterml_20260606_010015","1","0.4157513978498496"
"AUDIT_NQCONT_REDTIME_SHORTSTOP180_20260628","HunterML_NT_8655_20260505111600","2026-05-05T11:16:01.0000000","2026-05-05T11:19:04.0000000","MLLong","27938.25","27930.5","-155","31","10","155","50","31","46","hunterml_20260606_010015","1","0.36736027893905338"
"AUDIT_NQCONT_REDTIME_SHORTSTOP180_20260628","HunterML_NT_8676_20260505113700","2026-05-05T11:37:01.0000000","2026-05-05T11:43:45.0000000","MLLong","27944.75","27937","-155","31","36","155","180","31","46","hunterml_20260606_010015","1","0.34688060307293866"
"AUDIT_NQCONT_REDTIME_SHORTSTOP180_20260628","HunterML_NT_8709_20260505121000","2026-05-05T12:10:03.0000000","2026-05-05T12:18:52.0000000","MLShort","27916","27901","300","20","60","100","300","40","60","hunterml_20260606_010015","-1","0.35218738619306472"
"AUDIT_NQCONT_REDTIME_SHORTSTOP180_20260628","HunterML_NT_9905_20260506090600","2026-05-06T09:06:01.0000000","2026-05-06T09:08:23.0000000","MLLong","28350.25","28363.25","260","5","52","25","260","35","52","hunterml_20260606_010015","1","0.37018674588299294"
"AUDIT_NQCONT_REDTIME_SHORTSTOP180_20260628","HunterML_NT_9911_20260506091200","2026-05-06T09:12:03.0000000","2026-05-06T09:15:54.0000000","MLLong","28350.5","28340","-210","42","4","210","20","42","63","hunterml_20260606_010015","1","0.37890740362686665"
"AUDIT_NQCONT_REDTIME_SHORTSTOP180_20260628","HunterML_NT_10069_20260506115000","2026-05-06T11:50:01.0000000","2026-05-06T11:50:44.0000000","MLLong","28570.5","28593","450","0","90","0","450","60","90","hunterml_20260606_010015","1","0.40287547362805221"
"AUDIT_NQCONT_REDTIME_SHORTSTOP180_20260628","HunterML_NT_10148_20260506130900","2026-05-06T13:09:01.0000000","2026-05-06T13:14:34.0000000","MLShort","28507.5","28476","630","26","126","130","630","84","126","hunterml_20260606_010015","0","0.35809544286534195"
"AUDIT_NQCONT_REDTIME_SHORTSTOP180_20260628","HunterML_NT_10186_20260506134700","2026-05-06T13:47:01.0000000","2026-05-06T13:58:10.0000000","MLShort","28457","28456.5","10","66","100","330","500","72","108","hunterml_20260606_010015","-1","0.34882785586995529"
"AUDIT_NQCONT_REDTIME_SHORTSTOP180_20260628","HunterML_NT_10212_20260506141300","2026-05-06T14:13:01.0000000","2026-05-06T14:20:12.0000000","MLShort","28425.5","28396","590","47","118","235","590","79","118","hunterml_20260606_010015","-1","0.34114950061830407"
"AUDIT_NQCONT_REDTIME_SHORTSTOP180_20260628","HunterML_NT_10223_20260506142400","2026-05-06T14:24:01.0000000","2026-05-06T14:24:32.0000000","MLShort","28409.25","28381.5","555","0","111","0","555","74","111","hunterml_20260606_010015","-1","0.41403369021106534"
"AUDIT_NQCONT_REDTIME_SHORTSTOP180_20260628","HunterML_NT_11287_20260507090800","2026-05-07T09:08:02.0000000","2026-05-07T09:08:58.0000000","MLLong","28794.25","28782.5","-235","47","0","235","0","45","68","hunterml_20260606_010015","1","0.41467650139386447"
"AUDIT_NQCONT_REDTIME_SHORTSTOP180_20260628","HunterML_NT_11303_20260507092400","2026-05-07T09:24:01.0000000","2026-05-07T09:25:50.0000000","MLShort","28758.5","28738.25","405","20","81","100","405","54","81","hunterml_20260606_010015","-1","0.40315530581260073"
"AUDIT_NQCONT_REDTIME_SHORTSTOP180_20260628","HunterML_NT_11364_20260507102500","2026-05-07T10:25:01.0000000","2026-05-07T10:28:07.0000000","MLLong","28749.25","28739","-205","41","3","205","15","41","62","hunterml_20260606_010015","1","0.36395466010799382"
"AUDIT_NQCONT_REDTIME_SHORTSTOP180_20260628","HunterML_NT_11401_20260507110200","2026-05-07T11:02:01.0000000","2026-05-07T11:04:25.0000000","MLShort","28731.5","28719.5","240","13","48","65","240","32","48","hunterml_20260606_010015","-1","0.3994208003764535"
"AUDIT_NQCONT_REDTIME_SHORTSTOP180_20260628","HunterML_NT_11409_20260507111000","2026-05-07T11:10:01.0000000","2026-05-07T11:11:07.0000000","MLShort","28708.5","28695","270","4","54","20","270","36","54","hunterml_20260606_010015","0","0.37532692591040512"
"AUDIT_NQCONT_REDTIME_SHORTSTOP180_20260628","HunterML_NT_11415_20260507111600","2026-05-07T11:16:01.0000000","2026-05-07T11:22:47.0000000","MLShort","28716","28726.25","-205","41","46","205","230","41","62","hunterml_20260606_010015","-1","0.39095295182748752"
"AUDIT_NQCONT_REDTIME_SHORTSTOP180_20260628","HunterML_NT_11481_20260507122200","2026-05-07T12:22:02.0000000","2026-05-07T12:24:27.0000000","MLShort","28722.75","28733.25","-210","42","3","210","15","39","58","hunterml_20260606_010015","1","0.39375812754074424"
"AUDIT_NQCONT_REDTIME_SHORTSTOP180_20260628","HunterML_NT_11519_20260507130000","2026-05-07T13:00:01.0000000","2026-05-07T13:02:28.0000000","MLLong","28726.75","28718.25","-170","34","22","170","110","34","51","hunterml_20260606_010015","1","0.35115735318697433"
"AUDIT_NQCONT_REDTIME_SHORTSTOP180_20260628","HunterML_NT_11535_20260507131600","2026-05-07T13:16:07.0000000","2026-05-07T13:19:19.0000000","MLLong","28739","28730.25","-175","35","13","175","65","34","51","hunterml_20260606_010015","1","0.36842776954606993"
"AUDIT_NQCONT_REDTIME_SHORTSTOP180_20260628","HunterML_NT_11560_20260507134100","2026-05-07T13:41:01.0000000","2026-05-07T13:46:34.0000000","MLLong","28745.75","28760","285","7","57","35","285","38","57","hunterml_20260606_010015","1","0.36330848234241614"
"AUDIT_NQCONT_REDTIME_SHORTSTOP180_20260628","HunterML_NT_12662_20260508090300","2026-05-08T09:03:01.0000000","2026-05-08T09:04:14.0000000","MLLong","28829","28841","240","8","48","40","240","32","48","hunterml_20260606_010015","1","0.3774474478045925"
"AUDIT_NQCONT_REDTIME_SHORTSTOP180_20260628","HunterML_NT_12673_20260508091400","2026-05-08T09:14:01.0000000","2026-05-08T09:25:40.0000000","MLLong","28853","28853.5","10","29","56","145","280","41","62","hunterml_20260606_010015","1","0.40450557883333432"
"AUDIT_NQCONT_REDTIME_SHORTSTOP180_20260628","HunterML_NT_12783_20260508110400","2026-05-08T11:04:02.0000000","2026-05-08T11:23:51.0000000","MLLong","28861","28873.75","255","33","51","165","255","34","51","hunterml_20260606_010015","1","0.3726981760556119"
"AUDIT_NQCONT_REDTIME_SHORTSTOP180_20260628","HunterML_NT_12809_20260508113000","2026-05-08T11:30:01.0000000","2026-05-08T11:37:37.0000000","MLLong","28869.5","28880","210","16","42","80","210","28","42","hunterml_20260606_010015","1","0.36750885845001857"
"AUDIT_NQCONT_REDTIME_SHORTSTOP180_20260628","HunterML_NT_12977_20260508141800","2026-05-08T14:18:01.0000000","2026-05-08T14:26:59.0000000","MLShort","28891.5","28866.75","495","3","99","15","495","66","99","hunterml_20260606_010015","-1","0.34462088259385626"
"AUDIT_NQCONT_REDTIME_SHORTSTOP180_20260628","HunterML_NT_13765_20260511102600","2026-05-11T10:26:01.0000000","2026-05-11T10:31:53.0000000","MLLong","29319","29332","260","15","52","75","260","35","52","hunterml_20260606_010015","1","0.38801364698028712"
"AUDIT_NQCONT_REDTIME_SHORTSTOP180_20260628","HunterML_NT_13800_20260511110100","2026-05-11T11:01:01.0000000","2026-05-11T11:05:29.0000000","MLShort","29327.25","29311.5","315","25","63","125","315","42","63","hunterml_20260606_010015","-1","0.3647027726195366"
"AUDIT_NQCONT_REDTIME_SHORTSTOP180_20260628","HunterML_NT_13807_20260511110800","2026-05-11T11:08:01.0000000","2026-05-11T11:10:32.0000000","MLShort","29315.25","29324","-175","35","1","175","5","40","60","hunterml_20260606_010015","-1","0.41230192391382448"
"AUDIT_NQCONT_REDTIME_SHORTSTOP180_20260628","HunterML_NT_13815_20260511111600","2026-05-11T11:16:01.0000000","2026-05-11T11:20:16.0000000","MLShort","29313","29298.75","285","7","57","35","285","38","57","hunterml_20260606_010015","-1","0.38806254923141864"
"AUDIT_NQCONT_REDTIME_SHORTSTOP180_20260628","HunterML_NT_13839_20260511114000","2026-05-11T11:40:01.0000000","2026-05-11T11:50:05.0000000","MLShort","29297.5","29306.75","-185","37","33","185","165","36","54","hunterml_20260606_010015","1","0.39357729834630545"
"AUDIT_NQCONT_REDTIME_SHORTSTOP180_20260628","HunterML_NT_13852_20260511115300","2026-05-11T11:53:07.0000000","2026-05-11T11:55:34.0000000","MLLong","29311","29302.75","-165","33","0","165","0","32","48","hunterml_20260606_010015","1","0.3982200607094199"
"AUDIT_NQCONT_REDTIME_SHORTSTOP180_20260628","HunterML_NT_13922_20260511130300","2026-05-11T13:03:01.0000000","2026-05-11T13:05:53.0000000","MLShort","29334.5","29317.5","340","9","68","45","340","45","68","hunterml_20260606_010015","-1","0.34183979321196928"
"AUDIT_NQCONT_REDTIME_SHORTSTOP180_20260628","HunterML_NT_13932_20260511131300","2026-05-11T13:13:01.0000000","2026-05-11T13:18:51.0000000","MLShort","29304.75","29317","-245","49","24","245","120","48","72","hunterml_20260606_010015","-1","0.39476359576052178"
"AUDIT_NQCONT_REDTIME_SHORTSTOP180_20260628","HunterML_NT_13944_20260511132500","2026-05-11T13:25:01.0000000","2026-05-11T13:31:16.0000000","MLShort","29295.75","29309.5","-275","55","56","275","280","54","81","hunterml_20260606_010015","1","0.40333797226046625"
"AUDIT_NQCONT_REDTIME_SHORTSTOP180_20260628","HunterML_NT_14048_20260511150900","2026-05-11T15:09:01.0000000","2026-05-11T15:25:50.0000000","MLLong","29374.75","29375.25","10","94","172","470","860","116","174","hunterml_20260606_010015","1","0.3925360174890925"
"AUDIT_NQCONT_REDTIME_SHORTSTOP180_20260628","HunterML_NT_14082_20260511154300","2026-05-11T15:43:01.0000000","2026-05-11T15:54:27.0000000","MLLong","29358.25","29405.5","945","18","189","90","945","126","189","hunterml_20260606_010015","1","0.35872995724586704"
"AUDIT_NQCONT_REDTIME_SHORTSTOP180_20260628","HunterML_NT_15060_20260512090100","2026-05-12T09:01:01.0000000","2026-05-12T09:01:48.0000000","MLShort","29242.5","29229.5","260","0","52","0","260","35","52","hunterml_20260606_010015","-1","0.40403448597745067"
"AUDIT_NQCONT_REDTIME_SHORTSTOP180_20260628","HunterML_NT_15069_20260512091000","2026-05-12T09:10:01.0000000","2026-05-12T09:11:27.0000000","MLShort","29205.75","29188.75","340","5","68","25","340","45","68","hunterml_20260606_010015","0","0.3666246988815387"
"AUDIT_NQCONT_REDTIME_SHORTSTOP180_20260628","HunterML_NT_15077_20260512091800","2026-05-12T09:18:01.0000000","2026-05-12T09:18:51.0000000","MLShort","29182.25","29195","-255","51","0","255","0","51","76","hunterml_20260606_010015","-1","0.42053309607705736"
"AUDIT_NQCONT_REDTIME_SHORTSTOP180_20260628","HunterML_NT_15194_20260512111500","2026-05-12T11:15:01.0000000","2026-05-12T11:16:59.0000000","MLLong","29238.25","29228.25","-200","40","8","200","40","39","58","hunterml_20260606_010015","-1","0.38601943497909663"
"AUDIT_NQCONT_REDTIME_SHORTSTOP180_20260628","HunterML_NT_15225_20260512114600","2026-05-12T11:46:04.0000000","2026-05-12T11:56:59.0000000","MLShort","29195.25","29205.5","-205","41","29","205","145","40","60","hunterml_20260606_010015","-1","0.38378409026032978"
"AUDIT_NQCONT_REDTIME_SHORTSTOP180_20260628","HunterML_NT_15240_20260512120100","2026-05-12T12:01:01.0000000","2026-05-12T12:01:52.0000000","MLShort","29196.25","29181.25","300","0","60","0","300","40","60","hunterml_20260606_010015","-1","0.40261374888564111"
"AUDIT_NQCONT_REDTIME_SHORTSTOP180_20260628","HunterML_NT_15248_20260512120900","2026-05-12T12:09:02.0000000","2026-05-12T12:10:06.0000000","MLShort","29169","29183.75","-295","59","11","295","55","59","88","hunterml_20260606_010015","-1","0.38560939699280267"
"AUDIT_NQCONT_REDTIME_SHORTSTOP180_20260628","HunterML_NT_15260_20260512122100","2026-05-12T12:21:01.0000000","2026-05-12T12:26:07.0000000","MLShort","29146.5","29163","-330","66","11","330","55","64","96","hunterml_20260606_010015","-1","0.40226546205423391"
"AUDIT_NQCONT_REDTIME_SHORTSTOP180_20260628","HunterML_NT_15308_20260512130900","2026-05-12T13:09:01.0000000","2026-05-12T13:10:22.0000000","MLShort","29132.5","29144","-230","46","5","230","25","45","68","hunterml_20260606_010015","-1","0.44412564633485091"
"AUDIT_NQCONT_REDTIME_SHORTSTOP180_20260628","HunterML_NT_15328_20260512132900","2026-05-12T13:29:04.0000000","2026-05-12T13:29:56.0000000","MLShort","29140.25","29153","-255","51","0","255","0","50","75","hunterml_20260606_010015","-1","0.40811015131420592"
"AUDIT_NQCONT_REDTIME_SHORTSTOP180_20260628","HunterML_NT_15427_20260512150800","2026-05-12T15:08:01.0000000","2026-05-12T15:13:31.0000000","MLShort","29135.75","29177","-825","165","119","825","595","165","248","hunterml_20260606_010015","1","0.3761022444362101"
"AUDIT_NQCONT_REDTIME_SHORTSTOP180_20260628","HunterML_NT_15437_20260512151800","2026-05-12T15:18:01.0000000","2026-05-12T15:22:36.0000000","MLLong","29180","29180.25","5","44","193","220","965","151","226","hunterml_20260606_010015","1","0.39150350196632033"
"AUDIT_NQCONT_REDTIME_SHORTSTOP180_20260628","HunterML_NT_16513_20260513101400","2026-05-13T10:14:01.0000000","2026-05-13T10:17:15.0000000","MLShort","29380.75","29391.75","-220","44","10","220","50","44","66","hunterml_20260606_010015","-1","0.43295805096720791"
"AUDIT_NQCONT_REDTIME_SHORTSTOP180_20260628","HunterML_NT_16523_20260513102400","2026-05-13T10:24:01.0000000","2026-05-13T10:28:40.0000000","MLShort","29379.25","29389.5","-205","41","38","205","190","41","62","hunterml_20260606_010015","1","0.3950093079672426"
"AUDIT_NQCONT_REDTIME_SHORTSTOP180_20260628","HunterML_NT_16588_20260513112900","2026-05-13T11:29:01.0000000","2026-05-13T11:31:06.0000000","MLShort","29389.75","29375.5","285","5","57","25","285","38","57","hunterml_20260606_010015","-1","0.35723711542694236"
"AUDIT_NQCONT_REDTIME_SHORTSTOP180_20260628","HunterML_NT_16703_20260513132400","2026-05-13T13:24:01.0000000","2026-05-13T13:26:27.0000000","MLShort","29340","29353.5","-270","54","26","270","130","54","81","hunterml_20260606_010015","-1","0.41064456222680851"
"AUDIT_NQCONT_REDTIME_SHORTSTOP180_20260628","HunterML_NT_16738_20260513135900","2026-05-13T13:59:03.0000000","2026-05-13T14:01:03.0000000","MLShort","29243.75","29265.5","-435","87","34","435","170","86","129","hunterml_20260606_010015","1","0.3946487042065302"
"AUDIT_NQCONT_REDTIME_SHORTSTOP180_20260628","HunterML_NT_16767_20260513142800","2026-05-13T14:28:01.0000000","2026-05-13T14:30:01.0000000","MLLong","29292.5","29278.5","-280","56","23","280","115","56","84","hunterml_20260606_010015","1","0.39273681047905401"
"AUDIT_NQCONT_REDTIME_SHORTSTOP180_20260628","HunterML_NT_16817_20260513151800","2026-05-13T15:18:01.0000000","2026-05-13T15:22:57.0000000","MLLong","29164.5","29223","1170","60","234","300","1170","156","234","hunterml_20260606_010015","-1","0.34245870447222598"
"AUDIT_NQCONT_REDTIME_SHORTSTOP180_20260628","HunterML_NT_16838_20260513153900","2026-05-13T15:39:01.0000000","2026-05-13T15:47:21.0000000","MLLong","29240","29240","0","85","156","425","780","122","183","hunterml_20260606_010015","1","0.40940139114735968"
"AUDIT_NQCONT_REDTIME_SHORTSTOP180_20260628","HunterML_NT_17825_20260514090600","2026-05-14T09:06:01.0000000","2026-05-14T09:07:07.0000000","MLShort","29557.5","29570.75","-265","53","30","265","150","51","76","hunterml_20260606_010015","-1","0.45575651836307229"
"AUDIT_NQCONT_REDTIME_SHORTSTOP180_20260628","HunterML_NT_17839_20260514092000","2026-05-14T09:20:01.0000000","2026-05-14T09:24:04.0000000","MLLong","29602.75","29588","-295","59","30","295","150","56","84","hunterml_20260606_010015","1","0.37849629384796574"
"AUDIT_NQCONT_REDTIME_SHORTSTOP180_20260628","HunterML_NT_17879_20260514100000","2026-05-14T10:00:01.0000000","2026-05-14T10:06:07.0000000","MLLong","29578","29567","-220","44","46","220","230","42","63","hunterml_20260606_010015","0","0.37358188216375093"
"AUDIT_NQCONT_REDTIME_SHORTSTOP180_20260628","HunterML_NT_17953_20260514111400","2026-05-14T11:14:01.0000000","2026-05-14T11:21:35.0000000","MLLong","29561.5","29545.75","-315","63","72","315","360","61","92","hunterml_20260606_010015","1","0.39697689890846699"
"AUDIT_NQCONT_REDTIME_SHORTSTOP180_20260628","HunterML_NT_17988_20260514114900","2026-05-14T11:49:01.0000000","2026-05-14T11:52:32.0000000","MLShort","29530","29541.5","-230","46","8","230","40","42","63","hunterml_20260606_010015","1","0.39378715433897338"
"AUDIT_NQCONT_REDTIME_SHORTSTOP180_20260628","HunterML_NT_18028_20260514122900","2026-05-14T12:29:02.0000000","2026-05-14T12:30:33.0000000","MLShort","29520.5","29532.5","-240","48","0","240","0","46","69","hunterml_20260606_010015","-1","0.40662218879265066"
"AUDIT_NQCONT_REDTIME_SHORTSTOP180_20260628","HunterML_NT_18107_20260514134800","2026-05-14T13:48:01.0000000","2026-05-14T13:52:39.0000000","MLShort","29527.5","29508.75","375","9","75","45","375","50","75","hunterml_20260606_010015","-1","0.38001667491387892"
"AUDIT_NQCONT_REDTIME_SHORTSTOP180_20260628","HunterML_NT_18117_20260514135800","2026-05-14T13:58:01.0000000","2026-05-14T14:00:38.0000000","MLShort","29500.75","29479.75","420","20","84","100","420","56","84","hunterml_20260606_010015","-1","0.38996025083110669"
"AUDIT_NQCONT_REDTIME_SHORTSTOP180_20260628","HunterML_NT_18122_20260514140300","2026-05-14T14:03:01.0000000","2026-05-14T14:06:22.0000000","MLShort","29498.5","29476.5","440","9","88","45","440","59","88","hunterml_20260606_010015","-1","0.37493305161291851"
"AUDIT_NQCONT_REDTIME_SHORTSTOP180_20260628","HunterML_NT_18134_20260514141500","2026-05-14T14:15:01.0000000","2026-05-14T14:21:56.0000000","MLShort","29472.5","29488.5","-320","64","26","320","130","64","96","hunterml_20260606_010015","-1","0.3879733061094322"
"AUDIT_NQCONT_REDTIME_SHORTSTOP180_20260628","HunterML_NT_18212_20260514153300","2026-05-14T15:33:01.0000000","2026-05-14T15:37:55.0000000","MLLong","29617.75","29661.25","870","33","174","165","870","116","174","hunterml_20260606_010015","-1","0.35662393507122792"
"AUDIT_NQCONT_REDTIME_SHORTSTOP180_20260628","HunterML_NT_19207_20260515090800","2026-05-15T09:08:01.0000000","2026-05-15T09:15:38.0000000","MLShort","29353","29324.5","570","34","114","170","570","76","114","hunterml_20260606_010015","0","0.34239555411685302"
"AUDIT_NQCONT_REDTIME_SHORTSTOP180_20260628","HunterML_NT_19286_20260515102700","2026-05-15T10:27:01.0000000","2026-05-15T10:28:54.0000000","MLShort","29211","29232.75","-435","87","24","435","120","86","129","hunterml_20260606_010015","-1","0.38355053942433937"
"AUDIT_NQCONT_REDTIME_SHORTSTOP180_20260628","HunterML_NT_19449_20260515131000","2026-05-15T13:10:01.0000000","2026-05-15T13:12:25.0000000","MLShort","29227.75","29201.5","525","38","105","190","525","70","105","hunterml_20260606_010015","-1","0.3845902349662999"
"AUDIT_NQCONT_REDTIME_SHORTSTOP180_20260628","HunterML_NT_19460_20260515132100","2026-05-15T13:21:01.0000000","2026-05-15T13:27:23.0000000","MLShort","29223.25","29190.25","660","80","132","400","660","88","132","hunterml_20260606_010015","0","0.36340789017858771"
"AUDIT_NQCONT_REDTIME_SHORTSTOP180_20260628","HunterML_NT_19480_20260515134100","2026-05-15T13:41:01.0000000","2026-05-15T13:47:31.0000000","MLShort","29180.25","29147.25","660","41","132","205","660","88","132","hunterml_20260606_010015","1","0.33666107227230424"
"AUDIT_NQCONT_REDTIME_SHORTSTOP180_20260628","HunterML_NT_19490_20260515135100","2026-05-15T13:51:01.0000000","2026-05-15T13:52:51.0000000","MLShort","29163.5","29183.75","-405","81","8","405","40","80","120","hunterml_20260606_010015","-1","0.3867988226338166"
"AUDIT_NQCONT_REDTIME_SHORTSTOP180_20260628","HunterML_NT_19601_20260515154200","2026-05-15T15:42:01.0000000","2026-05-15T15:46:36.0000000","MLLong","29342","29301","-820","164","48","820","240","164","246","hunterml_20260606_010015","1","0.40210104416342657"
"AUDIT_NQCONT_REDTIME_SHORTSTOP180_20260628","HunterML_NT_20237_20260518091800","2026-05-18T09:18:01.0000000","2026-05-18T09:21:22.0000000","MLLong","29158.25","29184.75","530","23","106","115","530","71","106","hunterml_20260606_010015","1","0.38769297192741942"
"AUDIT_NQCONT_REDTIME_SHORTSTOP180_20260628","HunterML_NT_20295_20260518101600","2026-05-18T10:16:01.0000000","2026-05-18T10:26:02.0000000","MLShort","29210.75","29190.5","405","36","81","180","405","54","81","hunterml_20260606_010015","-1","0.34535343503627908"
"AUDIT_NQCONT_REDTIME_SHORTSTOP180_20260628","HunterML_NT_20339_20260518110000","2026-05-18T11:00:01.0000000","2026-05-18T11:02:41.0000000","MLShort","29193.5","29174.5","380","9","76","45","380","51","76","hunterml_20260606_010015","-1","0.40577045299722753"
"AUDIT_NQCONT_REDTIME_SHORTSTOP180_20260628","HunterML_NT_20351_20260518111200","2026-05-18T11:12:01.0000000","2026-05-18T11:32:16.0000000","MLShort","29138.75","29114.75","480","50","96","250","480","64","96","hunterml_20260606_010015","-1","0.34334703494983926"
"AUDIT_NQCONT_REDTIME_SHORTSTOP180_20260628","HunterML_NT_20379_20260518114000","2026-05-18T11:40:01.0000000","2026-05-18T11:40:26.0000000","MLShort","29090.5","29106","-310","62","0","310","0","62","93","hunterml_20260606_010015","-1","0.4004609929977665"
"AUDIT_NQCONT_REDTIME_SHORTSTOP180_20260628","HunterML_NT_20579_20260518150000","2026-05-18T15:00:01.0000000","2026-05-18T15:01:50.0000000","MLShort","29239.75","29172.25","1350","13","270","65","1350","180","270","hunterml_20260606_010015","1","0.39071416534001802"
"AUDIT_NQCONT_REDTIME_SHORTSTOP180_20260628","HunterML_NT_20618_20260518153900","2026-05-18T15:39:01.0000000","2026-05-18T15:43:35.0000000","MLShort","29069","29114","-900","180","223","900","1115","180","270","hunterml_20260606_010015","-1","0.39374808211285361"
"AUDIT_NQCONT_REDTIME_SHORTSTOP180_20260628","HunterML_NT_21614_20260519091500","2026-05-19T09:15:01.0000000","2026-05-19T09:24:01.0000000","MLShort","29039.75","29013.75","520","53","104","265","520","69","104","hunterml_20260606_010015","-1","0.36756029849012006"
"AUDIT_NQCONT_REDTIME_SHORTSTOP180_20260628","HunterML_NT_21627_20260519092800","2026-05-19T09:28:01.0000000","2026-05-19T09:42:25.0000000","MLShort","28999.75","29019.25","-390","78","66","390","330","78","117","hunterml_20260606_010015","1","0.40863302782162814"
"AUDIT_NQCONT_REDTIME_SHORTSTOP180_20260628","HunterML_NT_21667_20260519100800","2026-05-19T10:08:02.0000000","2026-05-19T10:15:15.0000000","MLShort","28988.75","28968.25","410","29","82","145","410","55","82","hunterml_20260606_010015","0","0.3625343150149572"
"AUDIT_NQCONT_REDTIME_SHORTSTOP180_20260628","HunterML_NT_21683_20260519102400","2026-05-19T10:24:01.0000000","2026-05-19T10:25:49.0000000","MLShort","28940.25","28917.25","460","30","92","150","460","61","92","hunterml_20260606_010015","-1","0.45566381563958286"
"AUDIT_NQCONT_REDTIME_SHORTSTOP180_20260628","HunterML_NT_21790_20260519121100","2026-05-19T12:11:01.0000000","2026-05-19T12:15:48.0000000","MLLong","28921.25","28901.75","-390","78","32","390","160","76","114","hunterml_20260606_010015","-1","0.3623040650762217"
"AUDIT_NQCONT_REDTIME_SHORTSTOP180_20260628","HunterML_NT_21845_20260519130600","2026-05-19T13:06:01.0000000","2026-05-19T13:11:01.0000000","MLShort","28863.75","28880.25","-330","66","43","330","215","66","99","hunterml_20260606_010015","-1","0.39528132279228617"
"AUDIT_NQCONT_REDTIME_SHORTSTOP180_20260628","HunterML_NT_21910_20260519141100","2026-05-19T14:11:01.0000000","2026-05-19T14:15:10.0000000","MLShort","28858","28879.5","-430","86","71","430","355","85","128","hunterml_20260606_010015","-1","0.41449558932211905"
"AUDIT_NQCONT_REDTIME_SHORTSTOP180_20260628","HunterML_NT_21972_20260519151300","2026-05-19T15:13:01.0000000","2026-05-19T15:14:55.0000000","MLShort","28800.5","28733","1350","56","270","280","1350","180","270","hunterml_20260606_010015","1","0.39164410596050259"
"AUDIT_NQCONT_REDTIME_SHORTSTOP180_20260628","HunterML_NT_22988_20260520090900","2026-05-20T09:09:01.0000000","2026-05-20T09:10:03.0000000","MLLong","29065.75","29048.5","-345","69","19","345","95","68","102","hunterml_20260606_010015","1","0.40854021051963918"
"AUDIT_NQCONT_REDTIME_SHORTSTOP180_20260628","HunterML_NT_22996_20260520091700","2026-05-20T09:17:01.0000000","2026-05-20T09:30:04.0000000","MLLong","29075.25","29101.25","520","61","104","305","520","69","104","hunterml_20260606_010015","1","0.37919816935032041"
"AUDIT_NQCONT_REDTIME_SHORTSTOP180_20260628","HunterML_NT_23051_20260520101200","2026-05-20T10:12:03.0000000","2026-05-20T10:12:30.0000000","MLShort","29095.25","29078.75","330","0","66","0","330","44","66","hunterml_20260606_010015","-1","0.40449343576182439"
"AUDIT_NQCONT_REDTIME_SHORTSTOP180_20260628","HunterML_NT_23057_20260520101800","2026-05-20T10:18:03.0000000","2026-05-20T10:31:30.0000000","MLShort","29081.5","29094.5","-260","52","52","260","260","49","74","hunterml_20260606_010015","1","0.38304810063933081"
"AUDIT_NQCONT_REDTIME_SHORTSTOP180_20260628","HunterML_NT_23240_20260520132100","2026-05-20T13:21:01.0000000","2026-05-20T13:24:33.0000000","MLLong","29113.75","29130.75","340","8","68","40","340","45","68","hunterml_20260606_010015","1","0.3590326033194628"
"AUDIT_NQCONT_REDTIME_SHORTSTOP180_20260628","HunterML_NT_23284_20260520140500","2026-05-20T14:05:02.0000000","2026-05-20T14:18:24.0000000","MLShort","29107.75","29088.25","390","40","78","200","390","52","78","hunterml_20260606_010015","-1","0.36695728976068848"
"AUDIT_NQCONT_REDTIME_SHORTSTOP180_20260628","HunterML_NT_23300_20260520142100","2026-05-20T14:21:01.0000000","2026-05-20T14:27:41.0000000","MLShort","29106","29088","360","44","72","220","360","48","72","hunterml_20260606_010015","1","0.38624418756464857"
"AUDIT_NQCONT_REDTIME_SHORTSTOP180_20260628","HunterML_NT_23339_20260520150000","2026-05-20T15:00:01.0000000","2026-05-20T15:12:39.0000000","MLShort","29098.75","29031.25","1350","84","270","420","1350","180","270","hunterml_20260606_010015","1","0.3989072525266486"
"AUDIT_NQCONT_REDTIME_SHORTSTOP180_20260628","HunterML_NT_23365_20260520152600","2026-05-20T15:26:01.0000000","2026-05-20T15:30:26.0000000","MLLong","29157","29239","1640","14","328","70","1640","219","328","hunterml_20260606_010015","0","0.42719044924579169"
"AUDIT_NQCONT_REDTIME_SHORTSTOP180_20260628","HunterML_NT_23375_20260520153600","2026-05-20T15:36:01.0000000","2026-05-20T15:55:48.0000000","MLLong","29194","29265","1420","84","284","420","1420","189","284","hunterml_20260606_010015","-1","0.36163401220543973"
"AUDIT_NQCONT_REDTIME_SHORTSTOP180_20260628","HunterML_NT_24359_20260521090000","2026-05-21T09:00:01.0000000","2026-05-21T09:01:50.0000000","MLLong","29325.25","29313.25","-240","48","37","240","185","48","72","hunterml_20260606_010015","-1","0.36236639831548612"
"AUDIT_NQCONT_REDTIME_SHORTSTOP180_20260628","HunterML_NT_24479_20260521110000","2026-05-21T11:00:01.0000000","2026-05-21T11:02:12.0000000","MLShort","29380.25","29390","-195","39","1","195","5","38","57","hunterml_20260606_010015","-1","0.36793324245787373"
"AUDIT_NQCONT_REDTIME_SHORTSTOP180_20260628","HunterML_NT_24484_20260521110500","2026-05-21T11:05:05.0000000","2026-05-21T11:06:31.0000000","MLShort","29382","29368.5","270","26","54","130","270","36","54","hunterml_20260606_010015","-1","0.3896163144178767"
"AUDIT_NQCONT_REDTIME_SHORTSTOP180_20260628","HunterML_NT_24490_20260521111100","2026-05-21T11:11:06.0000000","2026-05-21T11:12:40.0000000","MLShort","29376","29359.5","330","0","66","0","330","44","66","hunterml_20260606_010015","-1","0.3424626337104853"
"AUDIT_NQCONT_REDTIME_SHORTSTOP180_20260628","HunterML_NT_24513_20260521113400","2026-05-21T11:34:01.0000000","2026-05-21T11:39:43.0000000","MLShort","29270.25","29229.75","810","106","162","530","810","108","162","hunterml_20260606_010015","0","0.3584584702183003"
"AUDIT_NQCONT_REDTIME_SHORTSTOP180_20260628","HunterML_NT_24524_20260521114500","2026-05-21T11:45:01.0000000","2026-05-21T11:50:21.0000000","MLShort","29250","29210.25","795","29","159","145","795","106","159","hunterml_20260606_010015","-1","0.36275391791163497"
"AUDIT_NQCONT_REDTIME_SHORTSTOP180_20260628","HunterML_NT_24631_20260521133200","2026-05-21T13:32:01.0000000","2026-05-21T13:33:07.0000000","MLShort","29232.25","29248.5","-325","65","17","325","85","61","92","hunterml_20260606_010015","-1","0.3874056186797683"
"AUDIT_NQCONT_REDTIME_SHORTSTOP180_20260628","HunterML_NT_25746_20260522090700","2026-05-22T09:07:01.0000000","2026-05-22T09:15:20.0000000","MLLong","29594.75","29612.75","360","29","72","145","360","48","72","hunterml_20260606_010015","1","0.40413844891946998"
"AUDIT_NQCONT_REDTIME_SHORTSTOP180_20260628","HunterML_NT_25809_20260522101000","2026-05-22T10:10:01.0000000","2026-05-22T10:15:02.0000000","MLShort","29525.5","29502.25","465","17","93","85","465","62","93","hunterml_20260606_010015","-1","0.37242570105873168"
"AUDIT_NQCONT_REDTIME_SHORTSTOP180_20260628","HunterML_NT_25817_20260522101800","2026-05-22T10:18:02.0000000","2026-05-22T10:19:16.0000000","MLShort","29508.75","29523.5","-295","59","6","295","30","58","87","hunterml_20260606_010015","-1","0.46461690134137817"
"AUDIT_NQCONT_REDTIME_SHORTSTOP180_20260628","HunterML_NT_25821_20260522102200","2026-05-22T10:22:01.0000000","2026-05-22T10:25:59.0000000","MLShort","29524.75","29503.75","420","14","84","70","420","56","84","hunterml_20260606_010015","-1","0.38239685346181218"
"AUDIT_NQCONT_REDTIME_SHORTSTOP180_20260628","HunterML_NT_25870_20260522111100","2026-05-22T11:11:02.0000000","2026-05-22T11:15:19.0000000","MLShort","29502","29484.75","345","4","69","20","345","46","69","hunterml_20260606_010015","-1","0.37060670906787091"
"AUDIT_NQCONT_REDTIME_SHORTSTOP180_20260628","HunterML_NT_25878_20260522111900","2026-05-22T11:19:02.0000000","2026-05-22T11:20:04.0000000","MLShort","29481.5","29462.5","380","5","76","25","380","51","76","hunterml_20260606_010015","-1","0.34702680772439637"
"AUDIT_NQCONT_REDTIME_SHORTSTOP180_20260628","HunterML_NT_25882_20260522112300","2026-05-22T11:23:01.0000000","2026-05-22T11:24:12.0000000","MLShort","29473.5","29487","-270","54","14","270","70","54","81","hunterml_20260606_010015","-1","0.41003066564868007"
"AUDIT_NQCONT_REDTIME_SHORTSTOP180_20260628","HunterML_NT_25895_20260522113600","2026-05-22T11:36:02.0000000","2026-05-22T11:48:59.0000000","MLShort","29452.25","29466.75","-290","58","51","290","255","56","84","hunterml_20260606_010015","1","0.40995517501882256"
"AUDIT_NQCONT_REDTIME_SHORTSTOP180_20260628","HunterML_NT_25997_20260522131800","2026-05-22T13:18:01.0000000","2026-05-22T13:19:27.0000000","MLLong","29533.75","29565.25","630","12","126","60","630","84","126","hunterml_20260606_010015","1","0.36279414316658265"
"AUDIT_NQCONT_REDTIME_SHORTSTOP180_20260628","HunterML_NT_26111_20260522151200","2026-05-22T15:12:01.0000000","2026-05-22T15:22:16.0000000","MLShort","29580","29527.5","1050","76","210","380","1050","140","210","hunterml_20260606_010015","1","0.35223169565389512"
"AUDIT_NQCONT_REDTIME_SHORTSTOP180_20260628","HunterML_NT_26762_20260525090300","2026-05-25T09:03:01.0000000","2026-05-25T09:09:51.0000000","MLShort","29945.5","29954.5","-180","36","14","180","70","36","54","hunterml_20260606_010015","-1","0.3775077436530539"
"AUDIT_NQCONT_REDTIME_SHORTSTOP180_20260628","HunterML_NT_26771_20260525091200","2026-05-25T09:12:01.0000000","2026-05-25T09:28:11.0000000","MLShort","29942","29927.75","285","22","57","110","285","38","57","hunterml_20260606_010015","1","0.38010564505747962"
"AUDIT_NQCONT_REDTIME_SHORTSTOP180_20260628","HunterML_NT_26832_20260525101300","2026-05-25T10:13:05.0000000","2026-05-25T10:15:18.0000000","MLLong","29970.75","29964.5","-125","25","1","125","5","22","33","hunterml_20260606_010015","1","0.38822153272158239"
"AUDIT_NQCONT_REDTIME_SHORTSTOP180_20260628","HunterML_NT_26910_20260525113100","2026-05-25T11:31:01.0000000","2026-05-25T11:37:45.0000000","MLLong","29964.25","29958.5","-115","23","6","115","30","19","28","hunterml_20260606_010015","1","0.36230854662155559"
"AUDIT_NQCONT_REDTIME_SHORTSTOP180_20260628","HunterML_NT_26924_20260525114500","2026-05-25T11:45:02.0000000","2026-05-25T11:47:04.0000000","MLLong","29971.25","29966.25","-100","20","4","100","20","18","27","hunterml_20260606_010015","1","0.37413498098298786"
"AUDIT_NQCONT_REDTIME_SHORTSTOP180_20260628","HunterML_NT_26937_20260525115800","2026-05-25T11:58:04.0000000","2026-05-25T12:00:54.0000000","MLLong","29970.75","29966.25","-90","18","10","90","50","16","24","hunterml_20260606_010015","1","0.35659233057056944"
"AUDIT_NQCONT_REDTIME_SHORTSTOP180_20260628","HunterML_NT_26948_20260525120900","2026-05-25T12:09:02.0000000","2026-05-25T12:20:02.0000000","MLLong","29974.25","29981.75","150","7","30","35","150","20","30","hunterml_20260606_010015","0","0.41762752940442166"
"AUDIT_NQCONT_REDTIME_SHORTSTOP180_20260628","HunterML_NT_27038_20260525133900","2026-05-25T13:39:04.0000000","2026-05-25T13:45:11.0000000","MLShort","29951.5","29942","190","18","38","90","190","25","38","hunterml_20260606_010015","-1","0.39173116296619354"
"AUDIT_NQCONT_REDTIME_SHORTSTOP180_20260628","HunterML_NT_27051_20260525135200","2026-05-25T13:52:17.0000000","2026-05-25T13:58:04.0000000","MLShort","29953.25","29943.5","195","18","39","90","195","26","39","hunterml_20260606_010015","1","0.39382696524273492"
"AUDIT_NQCONT_REDTIME_SHORTSTOP180_20260628","HunterML_NT_27129_20260525151000","2026-05-25T15:10:01.0000000","2026-05-25T15:15:02.0000000","MLShort","29964.25","29951.25","260","23","52","115","260","35","52","hunterml_20260606_010015","-1","0.4170047867181822"
"AUDIT_NQCONT_REDTIME_SHORTSTOP180_20260628","HunterML_NT_27137_20260525151800","2026-05-25T15:18:01.0000000","2026-05-25T15:29:24.0000000","MLShort","29954.5","29941.75","255","12","51","60","255","34","51","hunterml_20260606_010015","-1","0.42721063964962941"
"AUDIT_NQCONT_REDTIME_SHORTSTOP180_20260628","HunterML_NT_27151_20260525153200","2026-05-25T15:32:03.0000000","2026-05-25T15:33:28.0000000","MLShort","29941.25","29929.25","240","3","48","15","240","32","48","hunterml_20260606_010015","-1","0.39668824136384095"
"AUDIT_NQCONT_REDTIME_SHORTSTOP180_20260628","HunterML_NT_27155_20260525153600","2026-05-25T15:36:01.0000000","2026-05-25T15:42:13.0000000","MLShort","29927.75","29914.25","270","14","54","70","270","36","54","hunterml_20260606_010015","1","0.43033160878846577"
"AUDIT_NQCONT_REDTIME_SHORTSTOP180_20260628","HunterML_NT_27920_20260526092100","2026-05-26T09:21:01.0000000","2026-05-26T09:33:30.0000000","MLLong","29779.5","29779","-10","11","54","55","270","41","62","hunterml_20260606_010015","1","0.38176611805038291"
"AUDIT_NQCONT_REDTIME_SHORTSTOP180_20260628","HunterML_NT_27959_20260526100000","2026-05-26T10:00:01.0000000","2026-05-26T10:05:46.0000000","MLLong","29810.5","29822.5","240","11","48","55","240","32","48","hunterml_20260606_010015","1","0.38737669743501713"
"AUDIT_NQCONT_REDTIME_SHORTSTOP180_20260628","HunterML_NT_27967_20260526100800","2026-05-26T10:08:01.0000000","2026-05-26T10:17:16.0000000","MLLong","29810","29822","240","20","48","100","240","32","48","hunterml_20260606_010015","1","0.36748666290249099"
"AUDIT_NQCONT_REDTIME_SHORTSTOP180_20260628","HunterML_NT_28024_20260526110500","2026-05-26T11:05:01.0000000","2026-05-26T11:05:28.0000000","MLLong","29855.25","29848.5","-135","27","0","135","0","26","39","hunterml_20260606_010015","1","0.41268540073962878"
"AUDIT_NQCONT_REDTIME_SHORTSTOP180_20260628","HunterML_NT_28027_20260526110800","2026-05-26T11:08:02.0000000","2026-05-26T11:14:32.0000000","MLLong","29857.75","29868.25","210","20","42","100","210","28","42","hunterml_20260606_010015","1","0.35784913851495714"
"AUDIT_NQCONT_REDTIME_SHORTSTOP180_20260628","HunterML_NT_28038_20260526111900","2026-05-26T11:19:03.0000000","2026-05-26T11:21:08.0000000","MLLong","29869.75","29880.75","220","1","44","5","220","29","44","hunterml_20260606_010015","1","0.37763141966449931"
"AUDIT_NQCONT_REDTIME_SHORTSTOP180_20260628","HunterML_NT_28068_20260526114900","2026-05-26T11:49:01.0000000","2026-05-26T11:53:58.0000000","MLShort","29878","29863","300","8","60","40","300","40","60","hunterml_20260606_010015","-1","0.40953914052259854"
"AUDIT_NQCONT_REDTIME_SHORTSTOP180_20260628","HunterML_NT_28076_20260526115700","2026-05-26T11:57:01.0000000","2026-05-26T12:03:12.0000000","MLShort","29861.25","29847.75","270","19","54","95","270","36","54","hunterml_20260606_010015","-1","0.39324360419549059"
"AUDIT_NQCONT_REDTIME_SHORTSTOP180_20260628","HunterML_NT_28086_20260526120700","2026-05-26T12:07:06.0000000","2026-05-26T12:15:00.0000000","MLShort","29854.5","29840.25","285","29","57","145","285","38","57","hunterml_20260606_010015","1","0.39928426490843855"
"AUDIT_NQCONT_REDTIME_SHORTSTOP180_20260628","HunterML_NT_28098_20260526121900","2026-05-26T12:19:01.0000000","2026-05-26T12:20:20.0000000","MLShort","29847.5","29856.5","-180","36","0","180","0","35","52","hunterml_20260606_010015","1","0.38686621292614048"
"AUDIT_NQCONT_REDTIME_SHORTSTOP180_20260628","HunterML_NT_28142_20260526130300","2026-05-26T13:03:01.0000000","2026-05-26T13:08:46.0000000","MLLong","29873.75","29865","-175","35","44","175","220","35","52","hunterml_20260606_010015","-1","0.37079960187715993"
"AUDIT_NQCONT_REDTIME_SHORTSTOP180_20260628","HunterML_NT_28175_20260526133600","2026-05-26T13:36:01.0000000","2026-05-26T13:40:10.0000000","MLLong","29902","29916.5","290","18","58","90","290","39","58","hunterml_20260606_010015","1","0.35618214692672312"
"AUDIT_NQCONT_REDTIME_SHORTSTOP180_20260628","HunterML_NT_28192_20260526135300","2026-05-26T13:53:01.0000000","2026-05-26T14:02:43.0000000","MLLong","29915.5","29906.25","-185","37","42","185","210","36","54","hunterml_20260606_010015","-1","0.35166043447840084"
"AUDIT_NQCONT_REDTIME_SHORTSTOP180_20260628","HunterML_NT_28265_20260526150600","2026-05-26T15:06:01.0000000","2026-05-26T15:14:55.0000000","MLLong","29984.5","30028","870","32","174","160","870","116","174","hunterml_20260606_010015","1","0.36123145370859211"
"AUDIT_NQCONT_REDTIME_SHORTSTOP180_20260628","HunterML_NT_28281_20260526152200","2026-05-26T15:22:01.0000000","2026-05-26T15:25:09.0000000","MLLong","30037.75","30073.75","720","4","144","20","720","96","144","hunterml_20260606_010015","1","0.37486097465498813"
"AUDIT_NQCONT_REDTIME_SHORTSTOP180_20260628","HunterML_NT_29280_20260527090100","2026-05-27T09:01:01.0000000","2026-05-27T09:01:35.0000000","MLLong","30133","30144.5","230","0","46","0","230","31","46","hunterml_20260606_010015","1","0.42367404539656234"
"AUDIT_NQCONT_REDTIME_SHORTSTOP180_20260628","HunterML_NT_29284_20260527090500","2026-05-27T09:05:02.0000000","2026-05-27T09:08:56.0000000","MLLong","30144.25","30158.5","285","9","57","45","285","38","57","hunterml_20260606_010015","1","0.3668190617682181"
"AUDIT_NQCONT_REDTIME_SHORTSTOP180_20260628","HunterML_NT_29300_20260527092100","2026-05-27T09:21:02.0000000","2026-05-27T09:22:29.0000000","MLLong","30186.5","30203.75","345","7","69","35","345","46","69","hunterml_20260606_010015","1","0.37041664781431077"
"AUDIT_NQCONT_REDTIME_SHORTSTOP180_20260628","HunterML_NT_29340_20260527100100","2026-05-27T10:01:01.0000000","2026-05-27T10:08:05.0000000","MLShort","30187","30174","260","28","52","140","260","35","52","hunterml_20260606_010015","-1","0.38093615008516296"
"AUDIT_NQCONT_REDTIME_SHORTSTOP180_20260628","HunterML_NT_29400_20260527110100","2026-05-27T11:01:01.0000000","2026-05-27T11:04:39.0000000","MLLong","30217.25","30228.25","220","9","44","45","220","29","44","hunterml_20260606_010015","1","0.43707230355507248"
"AUDIT_NQCONT_REDTIME_SHORTSTOP180_20260628","HunterML_NT_29408_20260527110900","2026-05-27T11:09:06.0000000","2026-05-27T11:16:18.0000000","MLLong","30236.75","30237.25","10","9","47","45","235","38","57","hunterml_20260606_010015","-1","0.36936374284645335"
"AUDIT_NQCONT_REDTIME_SHORTSTOP180_20260628","HunterML_NT_29418_20260527111900","2026-05-27T11:19:02.0000000","2026-05-27T11:21:44.0000000","MLLong","30238.25","30229.5","-175","35","0","175","0","34","51","hunterml_20260606_010015","1","0.37684100759451739"
"AUDIT_NQCONT_REDTIME_SHORTSTOP180_20260628","HunterML_NT_29452_20260527115300","2026-05-27T11:53:02.0000000","2026-05-27T11:59:48.0000000","MLLong","30229","30238.75","195","17","39","85","195","26","39","hunterml_20260606_010015","1","0.41100824836175492"
"AUDIT_NQCONT_REDTIME_SHORTSTOP180_20260628","HunterML_NT_29525_20260527130600","2026-05-27T13:06:03.0000000","2026-05-27T13:07:29.0000000","MLShort","30264.5","30273.25","-175","35","0","175","0","35","52","hunterml_20260606_010015","1","0.39574714498345198"
"AUDIT_NQCONT_REDTIME_SHORTSTOP180_20260628","HunterML_NT_29552_20260527133300","2026-05-27T13:33:01.0000000","2026-05-27T13:47:18.0000000","MLLong","30324.25","30301.25","-460","92","84","460","420","91","136","hunterml_20260606_010015","1","0.3399890690459822"
"AUDIT_NQCONT_REDTIME_SHORTSTOP180_20260628","HunterML_NT_29574_20260527135500","2026-05-27T13:55:01.0000000","2026-05-27T14:07:34.0000000","MLShort","30266.5","30243.25","465","21","93","105","465","62","93","hunterml_20260606_010015","-1","0.40056417844770359"
"AUDIT_NQCONT_REDTIME_SHORTSTOP180_20260628","HunterML_NT_29595_20260527141600","2026-05-27T14:16:01.0000000","2026-05-27T14:25:01.0000000","MLShort","30220.5","30220","10","17","73","85","365","62","93","hunterml_20260606_010015","-1","0.42009886780451611"
"AUDIT_NQCONT_REDTIME_SHORTSTOP180_20260628","HunterML_NT_29640_20260527150100","2026-05-27T15:01:01.0000000","2026-05-27T15:02:38.0000000","MLShort","30042.75","30087.75","-900","180","12","900","60","180","270","hunterml_20260606_010015","-1","0.3918002956511305"
"AUDIT_NQCONT_REDTIME_SHORTSTOP180_20260628","HunterML_NT_29682_20260527154300","2026-05-27T15:43:01.0000000","2026-05-27T15:56:29.0000000","MLLong","29978.25","29938.25","-800","160","183","800","915","160","240","hunterml_20260606_010015","1","0.39336647060855012"
"AUDIT_NQCONT_REDTIME_SHORTSTOP180_20260628","HunterML_NT_30662_20260528090300","2026-05-28T09:03:01.0000000","2026-05-28T09:05:51.0000000","MLLong","29957","29977.5","410","9","82","45","410","55","82","hunterml_20260606_010015","1","0.38023069116329705"
"AUDIT_NQCONT_REDTIME_SHORTSTOP180_20260628","HunterML_NT_30668_20260528090900","2026-05-28T09:09:01.0000000","2026-05-28T09:23:49.0000000","MLLong","29968","29990.5","450","51","90","255","450","60","90","hunterml_20260606_010015","1","0.37043974936748025"
"AUDIT_NQCONT_REDTIME_SHORTSTOP180_20260628","HunterML_NT_30685_20260528092600","2026-05-28T09:26:01.0000000","2026-05-28T09:27:24.0000000","MLLong","29979","29966.5","-250","50","14","250","70","49","74","hunterml_20260606_010015","0","0.34128690035668752"
"AUDIT_NQCONT_REDTIME_SHORTSTOP180_20260628","HunterML_NT_30719_20260528100000","2026-05-28T10:00:01.0000000","2026-05-28T10:03:57.0000000","MLLong","29984.25","29997","255","14","51","70","255","34","51","hunterml_20260606_010015","-1","0.3810147154659575"
"AUDIT_NQCONT_REDTIME_SHORTSTOP180_20260628","HunterML_NT_30726_20260528100700","2026-05-28T10:07:01.0000000","2026-05-28T10:08:40.0000000","MLLong","29981.75","29971","-215","43","2","215","10","40","60","hunterml_20260606_010015","1","0.36739554799637908"
"AUDIT_NQCONT_REDTIME_SHORTSTOP180_20260628","HunterML_NT_30737_20260528101800","2026-05-28T10:18:01.0000000","2026-05-28T10:25:20.0000000","MLShort","29975.25","29984","-175","35","21","175","105","35","52","hunterml_20260606_010015","1","0.38818537162791011"
"AUDIT_NQCONT_REDTIME_SHORTSTOP180_20260628","HunterML_NT_30806_20260528112700","2026-05-28T11:27:01.0000000","2026-05-28T11:29:36.0000000","MLShort","29924.75","29935","-205","41","17","205","85","40","60","hunterml_20260606_010015","-1","0.47453866342970341"
"AUDIT_NQCONT_REDTIME_SHORTSTOP180_20260628","HunterML_NT_30811_20260528113200","2026-05-28T11:32:02.0000000","2026-05-28T11:35:28.0000000","MLShort","29935","29919.25","315","21","63","105","315","42","63","hunterml_20260606_010015","-1","0.36500652990942106"
"AUDIT_NQCONT_REDTIME_SHORTSTOP180_20260628","HunterML_NT_30821_20260528114200","2026-05-28T11:42:03.0000000","2026-05-28T11:48:30.0000000","MLShort","29916.75","29925.5","-175","35","37","175","185","35","52","hunterml_20260606_010015","-1","0.38930902645384646"
"AUDIT_NQCONT_REDTIME_SHORTSTOP180_20260628","HunterML_NT_30835_20260528115600","2026-05-28T11:56:01.0000000","2026-05-28T11:58:25.0000000","MLShort","29904","29881","460","6","92","30","460","61","92","hunterml_20260606_010015","-1","0.40842284841483739"
"AUDIT_NQCONT_REDTIME_SHORTSTOP180_20260628","HunterML_NT_30844_20260528120500","2026-05-28T12:05:03.0000000","2026-05-28T12:08:45.0000000","MLShort","29896.25","29871.5","495","1","99","5","495","66","99","hunterml_20260606_010015","1","0.34896970768577157"
"AUDIT_NQCONT_REDTIME_SHORTSTOP180_20260628","HunterML_NT_30899_20260528130000","2026-05-28T13:00:01.0000000","2026-05-28T13:06:13.0000000","MLLong","29924.75","29939.75","300","11","60","55","300","40","60","hunterml_20260606_010015","1","0.36296669652391239"
"AUDIT_NQCONT_REDTIME_SHORTSTOP180_20260628","HunterML_NT_30939_20260528134000","2026-05-28T13:40:01.0000000","2026-05-28T13:48:15.0000000","MLLong","30013.25","30038","495","41","99","205","495","66","99","hunterml_20260606_010015","-1","0.37625999916346431"
"AUDIT_NQCONT_REDTIME_SHORTSTOP180_20260628","HunterML_NT_31042_20260528152300","2026-05-28T15:23:01.0000000","2026-05-28T15:30:54.0000000","MLLong","30094","30164.5","1410","126","282","630","1410","188","282","hunterml_20260606_010015","-1","0.37034209800492968"
"AUDIT_NQCONT_REDTIME_SHORTSTOP180_20260628","HunterML_NT_31053_20260528153400","2026-05-28T15:34:01.0000000","2026-05-28T15:59:16.0000000","MLLong","30132.75","30187.5","1095","101","219","505","1095","146","219","hunterml_20260606_010015","1","0.34001867544687731"
"AUDIT_NQCONT_REDTIME_SHORTSTOP180_20260628","HunterML_NT_32100_20260529100100","2026-05-29T10:01:02.0000000","2026-05-29T10:03:29.0000000","MLLong","30318.5","30331.25","255","18","51","90","255","34","51","hunterml_20260606_010015","1","0.40355939215964087"
"AUDIT_NQCONT_REDTIME_SHORTSTOP180_20260628","HunterML_NT_32166_20260529110700","2026-05-29T11:07:01.0000000","2026-05-29T11:13:37.0000000","MLShort","30310","30318.75","-175","35","36","175","180","35","52","hunterml_20260606_010015","1","0.40289928054795598"
"AUDIT_NQCONT_REDTIME_SHORTSTOP180_20260628","HunterML_NT_32186_20260529112700","2026-05-29T11:27:01.0000000","2026-05-29T11:29:29.0000000","MLLong","30319.5","30332.25","255","3","51","15","255","34","51","hunterml_20260606_010015","1","0.39492767282391972"
"AUDIT_NQCONT_REDTIME_SHORTSTOP180_20260628","HunterML_NT_32200_20260529114100","2026-05-29T11:41:02.0000000","2026-05-29T11:55:00.0000000","MLLong","30337.75","30338.25","10","26","49","130","245","35","52","hunterml_20260606_010015","1","0.40772119208137153"
"AUDIT_NQCONT_REDTIME_SHORTSTOP180_20260628","HunterML_NT_32224_20260529120500","2026-05-29T12:05:01.0000000","2026-05-29T12:15:27.0000000","MLLong","30353","30365","240","15","48","75","240","32","48","hunterml_20260606_010015","1","0.38372640312350881"
"AUDIT_NQCONT_REDTIME_SHORTSTOP180_20260628","HunterML_NT_32291_20260529131200","2026-05-29T13:12:03.0000000","2026-05-29T13:15:11.0000000","MLShort","30330.5","30313.5","340","0","68","0","340","45","68","hunterml_20260606_010015","1","0.37941234277977831"
"AUDIT_NQCONT_REDTIME_SHORTSTOP180_20260628","HunterML_NT_32297_20260529131800","2026-05-29T13:18:02.0000000","2026-05-29T13:28:51.0000000","MLShort","30325.75","30325.25","10","32","54","160","270","42","63","hunterml_20260606_010015","-1","0.39114132689368569"
"AUDIT_NQCONT_REDTIME_SHORTSTOP180_20260628","HunterML_NT_32353_20260529141400","2026-05-29T14:14:01.0000000","2026-05-29T14:15:49.0000000","MLLong","30349.5","30339.75","-195","39","6","195","30","39","58","hunterml_20260606_010015","1","0.38731075989959618"
"AUDIT_NQCONT_REDTIME_SHORTSTOP180_20260628","HunterML_NT_32420_20260529152100","2026-05-29T15:21:01.0000000","2026-05-29T15:24:58.0000000","MLShort","30440","30392","960","12","192","60","960","128","192","hunterml_20260606_010015","0","0.48612770883973599"
"AUDIT_NQCONT_REDTIME_SHORTSTOP180_20260628","HunterML_NT_33064_20260601090500","2026-06-01T09:05:01.0000000","2026-06-01T09:06:56.0000000","MLShort","30492.75","30493.25","-10","5","54","25","270","45","68","hunterml_20260606_010015","-1","0.37989163777165919"
"AUDIT_NQCONT_REDTIME_SHORTSTOP180_20260628","HunterML_NT_33073_20260601091400","2026-06-01T09:14:01.0000000","2026-06-01T09:26:00.0000000","MLShort","30477.75","30459.25","370","10","74","50","370","49","74","hunterml_20260606_010015","-1","0.38357932127186345"
"AUDIT_NQCONT_REDTIME_SHORTSTOP180_20260628","HunterML_NT_33136_20260601101700","2026-06-01T10:17:02.0000000","2026-06-01T10:17:42.0000000","MLShort","30484.75","30495","-205","41","0","205","0","40","60","hunterml_20260606_010015","-1","0.40217249179170972"
"AUDIT_NQCONT_REDTIME_SHORTSTOP180_20260628","HunterML_NT_33148_20260601102900","2026-06-01T10:29:02.0000000","2026-06-01T10:36:54.0000000","MLShort","30477","30462.5","290","9","58","45","290","39","58","hunterml_20260606_010015","-1","0.40469904243383953"
"AUDIT_NQCONT_REDTIME_SHORTSTOP180_20260628","HunterML_NT_33190_20260601111100","2026-06-01T11:11:01.0000000","2026-06-01T11:15:24.0000000","MLLong","30474.75","30487.5","255","3","51","15","255","34","51","hunterml_20260606_010015","1","0.37313866429384851"
"AUDIT_NQCONT_REDTIME_SHORTSTOP180_20260628","HunterML_NT_33199_20260601112000","2026-06-01T11:20:02.0000000","2026-06-01T11:21:46.0000000","MLLong","30480.75","30472.25","-170","34","0","170","0","32","48","hunterml_20260606_010015","1","0.41695250053099719"
"AUDIT_NQCONT_REDTIME_SHORTSTOP180_20260628","HunterML_NT_33203_20260601112400","2026-06-01T11:24:02.0000000","2026-06-01T11:29:26.0000000","MLLong","30475.5","30488.25","255","8","51","40","255","34","51","hunterml_20260606_010015","1","0.40049744207474403"
"AUDIT_NQCONT_REDTIME_SHORTSTOP180_20260628","HunterML_NT_33213_20260601113400","2026-06-01T11:34:01.0000000","2026-06-01T11:46:50.0000000","MLLong","30493.25","30493","-5","10","46","50","230","34","51","hunterml_20260606_010015","1","0.38008515903821161"
"AUDIT_NQCONT_REDTIME_SHORTSTOP180_20260628","HunterML_NT_33240_20260601120100","2026-06-01T12:01:01.0000000","2026-06-01T12:01:45.0000000","MLShort","30477.75","30486","-165","33","0","165","0","31","46","hunterml_20260606_010015","-1","0.42060556056940918"
"AUDIT_NQCONT_REDTIME_SHORTSTOP180_20260628","HunterML_NT_33245_20260601120600","2026-06-01T12:06:02.0000000","2026-06-01T12:11:44.0000000","MLShort","30478.75","30463.25","310","11","62","55","310","41","62","hunterml_20260606_010015","-1","0.36214652813120962"
"AUDIT_NQCONT_REDTIME_SHORTSTOP180_20260628","HunterML_NT_33305_20260601130600","2026-06-01T13:06:01.0000000","2026-06-01T13:07:28.0000000","MLShort","30459.5","30444.5","300","13","60","65","300","40","60","hunterml_20260606_010015","-1","0.3701565406292035"
"AUDIT_NQCONT_REDTIME_SHORTSTOP180_20260628","HunterML_NT_33311_20260601131200","2026-06-01T13:12:01.0000000","2026-06-01T13:13:31.0000000","MLShort","30446.25","30428.25","360","7","72","35","360","48","72","hunterml_20260606_010015","-1","0.38801516079398007"
"AUDIT_NQCONT_REDTIME_SHORTSTOP180_20260628","HunterML_NT_33317_20260601131800","2026-06-01T13:18:01.0000000","2026-06-01T13:24:08.0000000","MLShort","30433.5","30447.75","-285","57","74","285","370","54","81","hunterml_20260606_010015","-1","0.38940024192714973"
"AUDIT_NQCONT_REDTIME_SHORTSTOP180_20260628","HunterML_NT_33360_20260601140100","2026-06-01T14:01:01.0000000","2026-06-01T14:03:13.0000000","MLShort","30449.25","30433.5","315","8","63","40","315","42","63","hunterml_20260606_010015","0","0.34482741566428649"
"AUDIT_NQCONT_REDTIME_SHORTSTOP180_20260628","HunterML_NT_33366_20260601140700","2026-06-01T14:07:01.0000000","2026-06-01T14:08:19.0000000","MLShort","30439.75","30451.5","-235","47","3","235","15","46","69","hunterml_20260606_010015","-1","0.40925918880328588"
"AUDIT_NQCONT_REDTIME_SHORTSTOP180_20260628","HunterML_NT_33370_20260601141100","2026-06-01T14:11:01.0000000","2026-06-01T14:11:15.0000000","MLShort","30430.75","30410.5","405","0","81","0","405","54","81","hunterml_20260606_010015","-1","0.41518496074377498"
"AUDIT_NQCONT_REDTIME_SHORTSTOP180_20260628","HunterML_NT_33376_20260601141700","2026-06-01T14:17:01.0000000","2026-06-01T14:21:32.0000000","MLShort","30363.5","30322.5","820","84","164","420","820","109","164","hunterml_20260606_010015","1","0.364756777906798"
"AUDIT_NQCONT_REDTIME_SHORTSTOP180_20260628","HunterML_NT_33437_20260601151800","2026-06-01T15:18:01.0000000","2026-06-01T15:30:13.0000000","MLLong","30371.25","30371.5","5","89","202","445","1010","158","237","hunterml_20260606_010015","1","0.40740614563109412"
"AUDIT_NQCONT_REDTIME_SHORTSTOP180_20260628","HunterML_NT_33457_20260601153800","2026-06-01T15:38:01.0000000","2026-06-01T16:06:29.0000000","MLLong","30399.5","30447.5","960","33","192","165","960","128","192","hunterml_20260606_010015","1","0.37564733256667571"
"AUDIT_NQCONT_REDTIME_SHORTSTOP180_20260628","HunterML_NT_34439_20260602090000","2026-06-02T09:00:01.0000000","2026-06-02T09:01:36.0000000","MLLong","30533.25","30546.75","270","14","54","70","270","36","54","hunterml_20260606_010015","-1","0.37310056002959913"
"AUDIT_NQCONT_REDTIME_SHORTSTOP180_20260628","HunterML_NT_34450_20260602091100","2026-06-02T09:11:01.0000000","2026-06-02T09:14:05.0000000","MLLong","30550.75","30568","345","34","69","170","345","46","69","hunterml_20260606_010015","1","0.36888705628117296"
"AUDIT_NQCONT_REDTIME_SHORTSTOP180_20260628","HunterML_NT_34507_20260602100800","2026-06-02T10:08:02.0000000","2026-06-02T10:16:13.0000000","MLShort","30542","30551.5","-190","38","25","190","125","38","57","hunterml_20260606_010015","-1","0.40831135180407735"
"AUDIT_NQCONT_REDTIME_SHORTSTOP180_20260628","HunterML_NT_34525_20260602102600","2026-06-02T10:26:01.0000000","2026-06-02T10:34:31.0000000","MLShort","30537.75","30547.25","-190","38","41","190","205","36","54","hunterml_20260606_010015","1","0.40627211382882567"
"AUDIT_NQCONT_REDTIME_SHORTSTOP180_20260628","HunterML_NT_34586_20260602112700","2026-06-02T11:27:01.0000000","2026-06-02T11:38:27.0000000","MLShort","30548.75","30535.25","270","35","54","175","270","36","54","hunterml_20260606_010015","-1","0.37262123502762728"
"AUDIT_NQCONT_REDTIME_SHORTSTOP180_20260628","HunterML_NT_34601_20260602114200","2026-06-02T11:42:01.0000000","2026-06-02T11:47:26.0000000","MLShort","30540.75","30529.5","225","5","45","25","225","30","45","hunterml_20260606_010015","1","0.40342466233229679"
"AUDIT_NQCONT_REDTIME_SHORTSTOP180_20260628","HunterML_NT_34681_20260602130200","2026-06-02T13:02:01.0000000","2026-06-02T13:04:44.0000000","MLShort","30532.5","30541.75","-185","37","9","185","45","34","51","hunterml_20260606_010015","-1","0.40743533950698407"
"AUDIT_NQCONT_REDTIME_SHORTSTOP180_20260628","HunterML_NT_34686_20260602130700","2026-06-02T13:07:01.0000000","2026-06-02T13:10:29.0000000","MLShort","30535.25","30544","-175","35","25","175","125","35","52","hunterml_20260606_010015","-1","0.39706267061107292"
"AUDIT_NQCONT_REDTIME_SHORTSTOP180_20260628","HunterML_NT_34751_20260602141200","2026-06-02T14:12:01.0000000","2026-06-02T14:19:27.0000000","MLShort","30503.25","30517.5","-285","57","61","285","305","56","84","hunterml_20260606_010015","-1","0.39964408306074506"
"AUDIT_NQCONT_REDTIME_SHORTSTOP180_20260628","HunterML_NT_35836_20260603091700","2026-06-03T09:17:01.0000000","2026-06-03T09:20:31.0000000","MLLong","30734.25","30722.75","-230","46","13","230","65","46","69","hunterml_20260606_010015","1","0.37621487291180677"
"AUDIT_NQCONT_REDTIME_SHORTSTOP180_20260628","HunterML_NT_35885_20260603100600","2026-06-03T10:06:08.0000000","2026-06-03T10:08:46.0000000","MLLong","30723.5","30735","230","25","46","125","230","31","46","hunterml_20260606_010015","1","0.40170984634096024"
"AUDIT_NQCONT_REDTIME_SHORTSTOP180_20260628","HunterML_NT_35975_20260603113600","2026-06-03T11:36:01.0000000","2026-06-03T11:42:11.0000000","MLLong","30763.5","30752","-230","46","16","230","80","46","69","hunterml_20260606_010015","1","0.34511376487922096"
"AUDIT_NQCONT_REDTIME_SHORTSTOP180_20260628","HunterML_NT_36006_20260603120700","2026-06-03T12:07:02.0000000","2026-06-03T12:17:57.0000000","MLLong","30768.5","30768.75","5","24","51","120","255","39","58","hunterml_20260606_010015","1","0.36076811263914238"
"AUDIT_NQCONT_REDTIME_SHORTSTOP180_20260628","HunterML_NT_36059_20260603130000","2026-06-03T13:00:01.0000000","2026-06-03T13:03:04.0000000","MLLong","30780.25","30792.25","240","30","48","150","240","32","48","hunterml_20260606_010015","-1","0.37957439471836585"
"AUDIT_NQCONT_REDTIME_SHORTSTOP180_20260628","HunterML_NT_36068_20260603130900","2026-06-03T13:09:01.0000000","2026-06-03T13:15:40.0000000","MLLong","30786.75","30777.5","-185","37","41","185","205","35","52","hunterml_20260606_010015","1","0.36900787347551817"
"AUDIT_NQCONT_REDTIME_SHORTSTOP180_20260628","HunterML_NT_36081_20260603132200","2026-06-03T13:22:01.0000000","2026-06-03T13:30:01.0000000","MLShort","30768.75","30753.75","300","26","60","130","300","40","60","hunterml_20260606_010015","-1","0.37299892271093765"
"AUDIT_NQCONT_REDTIME_SHORTSTOP180_20260628","HunterML_NT_36103_20260603134400","2026-06-03T13:44:01.0000000","2026-06-03T13:55:14.0000000","MLShort","30723.75","30705.75","360","44","72","220","360","48","72","hunterml_20260606_010015","1","0.33573566224235735"
"AUDIT_NQCONT_REDTIME_SHORTSTOP180_20260628","HunterML_NT_36138_20260603141900","2026-06-03T14:19:01.0000000","2026-06-03T14:22:24.0000000","MLLong","30736.75","30753.25","330","1","66","5","330","44","66","hunterml_20260606_010015","1","0.36599454333755904"
"AUDIT_NQCONT_REDTIME_SHORTSTOP180_20260628","HunterML_NT_36147_20260603142800","2026-06-03T14:28:01.0000000","2026-06-03T14:30:02.0000000","MLLong","30745","30763.5","370","27","74","135","370","49","74","hunterml_20260606_010015","-1","0.35895144738446388"
"AUDIT_NQCONT_REDTIME_SHORTSTOP180_20260628","HunterML_NT_36201_20260603152200","2026-06-03T15:22:01.0000000","2026-06-03T15:30:04.0000000","MLLong","30673.5","30727.5","1080","42","216","210","1080","144","216","hunterml_20260606_010015","-1","0.36381663318035051"
"AUDIT_NQCONT_REDTIME_SHORTSTOP180_20260628","HunterML_NT_37218_20260604091900","2026-06-04T09:19:02.0000000","2026-06-04T09:19:33.0000000","MLShort","30421.75","30399.25","450","0","90","0","450","60","90","hunterml_20260606_010015","-1","0.48862884564814008"
"AUDIT_NQCONT_REDTIME_SHORTSTOP180_20260628","HunterML_NT_37224_20260604092500","2026-06-04T09:25:01.0000000","2026-06-04T09:25:59.0000000","MLShort","30385","30358.75","525","0","105","0","525","70","105","hunterml_20260606_010015","-1","0.48614257885579198"
"AUDIT_NQCONT_REDTIME_SHORTSTOP180_20260628","HunterML_NT_37268_20260604100900","2026-06-04T10:09:01.0000000","2026-06-04T10:12:16.0000000","MLShort","30316","30285.5","610","23","122","115","610","81","122","hunterml_20260606_010015","0","0.3776136542152434"
"AUDIT_NQCONT_REDTIME_SHORTSTOP180_20260628","HunterML_NT_37277_20260604101800","2026-06-04T10:18:01.0000000","2026-06-04T10:20:13.0000000","MLShort","30264.75","30287.25","-450","90","65","450","325","90","135","hunterml_20260606_010015","-1","0.36780846269282452"
"AUDIT_NQCONT_REDTIME_SHORTSTOP180_20260628","HunterML_NT_37341_20260604112200","2026-06-04T11:22:02.0000000","2026-06-04T11:25:17.0000000","MLShort","30292.25","30306","-275","55","31","275","155","55","82","hunterml_20260606_010015","1","0.4035235154914909"
"AUDIT_NQCONT_REDTIME_SHORTSTOP180_20260628","HunterML_NT_37367_20260604114800","2026-06-04T11:48:01.0000000","2026-06-04T11:51:37.0000000","MLShort","30257.5","30235.75","435","51","87","255","435","58","87","hunterml_20260606_010015","0","0.3663607409883709"
"AUDIT_NQCONT_REDTIME_SHORTSTOP180_20260628","HunterML_NT_37378_20260604115900","2026-06-04T11:59:01.0000000","2026-06-04T12:00:04.0000000","MLShort","30233.75","30251.5","-355","71","0","355","0","70","105","hunterml_20260606_010015","-1","0.40656308353567849"
"AUDIT_NQCONT_REDTIME_SHORTSTOP180_20260628","HunterML_NT_37579_20260604152000","2026-06-04T15:20:01.0000000","2026-06-04T15:25:27.0000000","MLLong","30268.5","30329","1210","67","242","335","1210","161","242","hunterml_20260606_010015","0","0.35203094904706556"
"AUDIT_NQCONT_REDTIME_SHORTSTOP180_20260628","HunterML_NT_37592_20260604153300","2026-06-04T15:33:01.0000000","2026-06-04T15:59:22.0000000","MLLong","30309.25","30358.75","990","76","198","380","990","132","198","hunterml_20260606_010015","-1","0.34475414743367616"
"AUDIT_NQCONT_REDTIME_SHORTSTOP180_20260628","HunterML_NT_38582_20260605090300","2026-06-05T09:03:01.0000000","2026-06-05T09:03:24.0000000","MLLong","30145.5","30128.5","-340","68","0","340","0","65","98","hunterml_20260606_010015","1","0.41652305321223665"
"AUDIT_NQCONT_REDTIME_SHORTSTOP180_20260628","HunterML_NT_38720_20260605112100","2026-06-05T11:21:04.0000000","2026-06-05T11:23:11.0000000","MLLong","30208","30221","260","2","52","10","260","35","52","hunterml_20260606_010015","1","0.3795337444088962"
"AUDIT_NQCONT_REDTIME_SHORTSTOP180_20260628","HunterML_NT_38726_20260605112700","2026-06-05T11:27:01.0000000","2026-06-05T11:36:26.0000000","MLLong","30223.5","30223.5","0","21","50","105","250","40","60","hunterml_20260606_010015","1","0.40319687070315108"
"AUDIT_NQCONT_REDTIME_SHORTSTOP180_20260628","HunterML_NT_38759_20260605120000","2026-06-05T12:00:01.0000000","2026-06-05T12:01:13.0000000","MLShort","30195.75","30183.75","240","5","48","25","240","32","48","hunterml_20260606_010015","-1","0.3840116664722123"
"AUDIT_NQCONT_REDTIME_SHORTSTOP180_20260628","HunterML_NT_38763_20260605120400","2026-06-05T12:04:01.0000000","2026-06-05T12:05:17.0000000","MLShort","30184.25","30193","-175","35","3","175","15","34","51","hunterml_20260606_010015","-1","0.41412204571399108"
"AUDIT_NQCONT_REDTIME_SHORTSTOP180_20260628","HunterML_NT_38783_20260605122400","2026-06-05T12:24:04.0000000","2026-06-05T12:24:15.0000000","MLShort","30174","30159.75","285","0","57","0","285","38","57","hunterml_20260606_010015","-1","0.40363988906069376"
"AUDIT_NQCONT_REDTIME_SHORTSTOP180_20260628","HunterML_NT_38826_20260605130700","2026-06-05T13:07:01.0000000","2026-06-05T13:12:53.0000000","MLShort","30130.75","30113.75","340","19","68","95","340","45","68","hunterml_20260606_010015","-1","0.3842323455650688"
"AUDIT_NQCONT_REDTIME_SHORTSTOP180_20260628","HunterML_NT_38835_20260605131600","2026-06-05T13:16:01.0000000","2026-06-05T13:17:11.0000000","MLShort","30114.25","30125.25","-220","44","23","220","115","42","63","hunterml_20260606_010015","-1","0.42445560378256258"
"AUDIT_NQCONT_REDTIME_SHORTSTOP180_20260628","HunterML_NT_38885_20260605140600","2026-06-05T14:06:01.0000000","2026-06-05T14:18:26.0000000","MLShort","30057","30026.25","615","39","123","195","615","82","123","hunterml_20260606_010015","0","0.34525891129802255"
"AUDIT_NQCONT_REDTIME_SHORTSTOP180_20260628","HunterML_NT_39684_20260608102500","2026-06-08T10:25:01.0000000","2026-06-08T10:30:03.0000000","MLLong","29203.5","29188","-310","62","22","310","110","62","93","hunterml_20260606_010015","-1","0.34405998012590666"
"AUDIT_NQCONT_REDTIME_SHORTSTOP180_20260628","HunterML_NT_39747_20260608112800","2026-06-08T11:28:01.0000000","2026-06-08T11:29:22.0000000","MLShort","29178.5","29193.25","-295","59","6","295","30","58","87","hunterml_20260606_010015","-1","0.39605133835466638"
"AUDIT_NQCONT_REDTIME_SHORTSTOP180_20260628","HunterML_NT_39751_20260608113200","2026-06-08T11:32:05.0000000","2026-06-08T11:33:44.0000000","MLShort","29193.5","29207.5","-280","56","16","280","80","55","82","hunterml_20260606_010015","-1","0.4202522117195705"
"AUDIT_NQCONT_REDTIME_SHORTSTOP180_20260628","HunterML_NT_39962_20260608150300","2026-06-08T15:03:01.0000000","2026-06-08T15:06:53.0000000","MLShort","29388.75","29433.75","-900","180","161","900","805","180","270","hunterml_20260606_010015","-1","0.38862150772583431"
"AUDIT_NQCONT_REDTIME_SHORTSTOP180_20260628","HunterML_NT_39981_20260608152200","2026-06-08T15:22:01.0000000","2026-06-08T15:23:54.0000000","MLShort","29415","29460","-900","180","87","900","435","180","270","hunterml_20260606_010015","-1","0.39758998771015741"
"AUDIT_NQCONT_REDTIME_SHORTSTOP180_20260628","HunterML_NT_40002_20260608154300","2026-06-08T15:43:01.0000000","2026-06-08T15:46:16.0000000","MLLong","29542.75","29608","1305","60","261","300","1305","174","261","hunterml_20260606_010015","-1","0.37018985548926625"
"AUDIT_NQCONT_REDTIME_SHORTSTOP180_20260628","HunterML_NT_40979_20260609090000","2026-06-09T09:00:01.0000000","2026-06-09T09:01:20.0000000","MLShort","29592.5","29570.75","435","37","87","185","435","58","87","hunterml_20260606_010015","-1","0.39653561920961122"
"AUDIT_NQCONT_REDTIME_SHORTSTOP180_20260628","HunterML_NT_41040_20260609100100","2026-06-09T10:01:03.0000000","2026-06-09T10:01:48.0000000","MLShort","29643.25","29655.5","-245","49","0","245","0","48","72","hunterml_20260606_010015","-1","0.41180321512462659"
"AUDIT_NQCONT_REDTIME_SHORTSTOP180_20260628","HunterML_NT_41139_20260609114000","2026-06-09T11:40:01.0000000","2026-06-09T11:46:14.0000000","MLShort","29650.75","29661.75","-220","44","14","220","70","42","63","hunterml_20260606_010015","-1","0.4113850910825298"
"AUDIT_NQCONT_REDTIME_SHORTSTOP180_20260628","HunterML_NT_41166_20260609120700","2026-06-09T12:07:01.0000000","2026-06-09T12:08:28.0000000","MLLong","29685.25","29703.25","360","10","72","50","360","48","72","hunterml_20260606_010015","1","0.37226600885168171"
"AUDIT_NQCONT_REDTIME_SHORTSTOP180_20260628","HunterML_NT_41170_20260609121100","2026-06-09T12:11:01.0000000","2026-06-09T12:17:23.0000000","MLLong","29696.5","29684.25","-245","49","23","245","115","49","74","hunterml_20260606_010015","1","0.38282480286156251"
"AUDIT_NQCONT_REDTIME_SHORTSTOP180_20260628","HunterML_NT_41221_20260609130200","2026-06-09T13:02:01.0000000","2026-06-09T13:03:05.0000000","MLShort","29681","29691.5","-210","42","10","210","50","42","63","hunterml_20260606_010015","-1","0.39973797650418857"
"AUDIT_NQCONT_REDTIME_SHORTSTOP180_20260628","HunterML_NT_41225_20260609130600","2026-06-09T13:06:01.0000000","2026-06-09T13:09:06.0000000","MLShort","29680","29692.25","-245","49","16","245","80","49","74","hunterml_20260606_010015","-1","0.36428222867929966"
"AUDIT_NQCONT_REDTIME_SHORTSTOP180_20260628","HunterML_NT_41242_20260609132300","2026-06-09T13:23:01.0000000","2026-06-09T13:23:54.0000000","MLShort","29673.5","29655","370","0","74","0","370","49","74","hunterml_20260606_010015","-1","0.40376856096078162"
"AUDIT_NQCONT_REDTIME_SHORTSTOP180_20260628","HunterML_NT_41248_20260609132900","2026-06-09T13:29:02.0000000","2026-06-09T13:30:29.0000000","MLShort","29673.5","29687.25","-275","55","22","275","110","50","75","hunterml_20260606_010015","-1","0.401182603188939"
"AUDIT_NQCONT_REDTIME_SHORTSTOP180_20260628","HunterML_NT_41271_20260609135200","2026-06-09T13:52:02.0000000","2026-06-09T13:54:07.0000000","MLShort","29676.5","29690.75","-285","57","1","285","5","56","84","hunterml_20260606_010015","-1","0.38504089572173927"
"AUDIT_NQCONT_REDTIME_SHORTSTOP180_20260628","HunterML_NT_41303_20260609142400","2026-06-09T14:24:02.0000000","2026-06-09T14:28:21.0000000","MLShort","29711.5","29726.25","-295","59","53","295","265","59","88","hunterml_20260606_010015","-1","0.3889335086229197"
"AUDIT_NQCONT_REDTIME_SHORTSTOP180_20260628","HunterML_NT_42423_20260610100400","2026-06-10T10:04:02.0000000","2026-06-10T10:05:30.0000000","MLShort","28756.75","28781.5","-495","99","30","495","150","94","141","hunterml_20260606_010015","1","0.38016230474523371"
"AUDIT_NQCONT_REDTIME_SHORTSTOP180_20260628","HunterML_NT_42514_20260610113500","2026-06-10T11:35:02.0000000","2026-06-10T11:41:58.0000000","MLLong","28776.25","28811.5","705","38","141","190","705","94","141","hunterml_20260606_010015","-1","0.34555356461018705"
"AUDIT_NQCONT_REDTIME_SHORTSTOP180_20260628","HunterML_NT_43744_20260611090500","2026-06-11T09:05:01.0000000","2026-06-11T09:08:52.0000000","MLLong","28871.75","28900.25","570","23","114","115","570","76","114","hunterml_20260606_010015","-1","0.35534331628603766"
"AUDIT_NQCONT_REDTIME_SHORTSTOP180_20260628","HunterML_NT_43754_20260611091500","2026-06-11T09:15:01.0000000","2026-06-11T09:15:52.0000000","MLLong","28916.75","28897.75","-380","76","0","380","0","74","111","hunterml_20260606_010015","1","0.4125364460367541"
"AUDIT_NQCONT_REDTIME_SHORTSTOP180_20260628","HunterML_NT_43760_20260611092100","2026-06-11T09:21:02.0000000","2026-06-11T09:26:14.0000000","MLLong","28902.25","28931.75","590","23","118","115","590","79","118","hunterml_20260606_010015","1","0.35382214184157101"
"AUDIT_NQCONT_REDTIME_SHORTSTOP180_20260628","HunterML_NT_43826_20260611102700","2026-06-11T10:27:02.0000000","2026-06-11T10:28:59.0000000","MLShort","28867.25","28880.5","-265","53","25","265","125","51","76","hunterml_20260606_010015","-1","0.40275753968962746"
"AUDIT_NQCONT_REDTIME_SHORTSTOP180_20260628","HunterML_NT_43933_20260611121400","2026-06-11T12:14:02.0000000","2026-06-11T12:28:57.0000000","MLShort","28836.75","28855.75","-380","76","62","380","310","69","104","hunterml_20260606_010015","-1","0.39827105986324129"
"AUDIT_NQCONT_REDTIME_SHORTSTOP180_20260628","HunterML_NT_44021_20260611134200","2026-06-11T13:42:01.0000000","2026-06-11T13:46:51.0000000","MLShort","28748.5","28792","-870","174","162","870","810","171","256","hunterml_20260606_010015","-1","0.37858126691226041"
"AUDIT_NQCONT_REDTIME_SHORTSTOP180_20260628","HunterML_NT_45271_20260612113200","2026-06-12T11:32:01.0000000","2026-06-12T11:32:50.0000000","MLShort","29832.75","29857.25","-490","98","0","490","0","86","129","hunterml_20260606_010015","-1","0.40640312635032039"
"AUDIT_NQCONT_REDTIME_SHORTSTOP180_20260628","HunterML_NT_45274_20260612113500","2026-06-12T11:35:17.0000000","2026-06-12T11:37:59.0000000","MLShort","29835.5","29860.25","-495","99","1","495","5","90","135","hunterml_20260606_010015","-1","0.41498454240512628"
"AUDIT_NQCONT_REDTIME_SHORTSTOP180_20260628","HunterML_NT_45369_20260612131000","2026-06-12T13:10:06.0000000","2026-06-12T13:15:34.0000000","MLShort","29900","29873.75","525","25","105","125","525","70","105","hunterml_20260606_010015","-1","0.34031300679841303"
"AUDIT_NQCONT_REDTIME_SHORTSTOP180_20260628","HunterML_NT_45390_20260612133100","2026-06-12T13:31:01.0000000","2026-06-12T13:33:16.0000000","MLShort","29835.25","29809.75","510","12","102","60","510","68","102","hunterml_20260606_010015","-1","0.39987685461892813"
"AUDIT_NQCONT_REDTIME_SHORTSTOP180_20260628","HunterML_NT_45401_20260612134200","2026-06-12T13:42:02.0000000","2026-06-12T13:44:37.0000000","MLShort","29787","29758.5","570","32","114","160","570","76","114","hunterml_20260606_010015","-1","0.44466125731398642"
"AUDIT_NQCONT_REDTIME_SHORTSTOP180_20260628","HunterML_NT_45418_20260612135900","2026-06-12T13:59:04.0000000","2026-06-12T14:01:28.0000000","MLShort","29703.5","29663.75","795","48","159","240","795","106","159","hunterml_20260606_010015","0","0.40710094336649816"
"AUDIT_NQCONT_REDTIME_SHORTSTOP180_20260628","HunterML_NT_45426_20260612140700","2026-06-12T14:07:04.0000000","2026-06-12T14:10:11.0000000","MLShort","29713.5","29741","-550","110","0","550","0","109","164","hunterml_20260606_010015","-1","0.39681160527368681"
"AUDIT_NQCONT_REDTIME_SHORTSTOP180_20260628","HunterML_NT_46198_20260615100000","2026-06-15T10:00:01.0000000","2026-06-15T10:00:23.0000000","MLShort","30592","30603.25","-225","45","0","225","0","44","66","hunterml_20260606_010015","-1","0.40060441220263238"
"AUDIT_NQCONT_REDTIME_SHORTSTOP180_20260628","HunterML_NT_46203_20260615100500","2026-06-15T10:05:03.0000000","2026-06-15T10:12:28.0000000","MLShort","30597.75","30582.25","310","23","62","115","310","41","62","hunterml_20260606_010015","-1","0.40896931235859368"
"AUDIT_NQCONT_REDTIME_SHORTSTOP180_20260628","HunterML_NT_46222_20260615102400","2026-06-15T10:24:01.0000000","2026-06-15T10:29:42.0000000","MLShort","30554.75","30536","375","28","75","140","375","50","75","hunterml_20260606_010015","-1","0.36688949080128652"
"AUDIT_NQCONT_REDTIME_SHORTSTOP180_20260628","HunterML_NT_46289_20260615113100","2026-06-15T11:31:02.0000000","2026-06-15T11:34:08.0000000","MLLong","30558.75","30550","-175","35","9","175","45","34","51","hunterml_20260606_010015","1","0.35541569043417515"
"AUDIT_NQCONT_REDTIME_SHORTSTOP180_20260628","HunterML_NT_46301_20260615114300","2026-06-15T11:43:02.0000000","2026-06-15T11:45:22.0000000","MLShort","30541.5","30551.75","-205","41","7","205","35","41","62","hunterml_20260606_010015","-1","0.40583417772990377"
"AUDIT_NQCONT_REDTIME_SHORTSTOP180_20260628","HunterML_NT_46312_20260615115400","2026-06-15T11:54:02.0000000","2026-06-15T12:00:15.0000000","MLLong","30558.75","30571.75","260","24","52","120","260","35","52","hunterml_20260606_010015","1","0.37159999635397978"
"AUDIT_NQCONT_REDTIME_SHORTSTOP180_20260628","HunterML_NT_46418_20260615134000","2026-06-15T13:40:05.0000000","2026-06-15T13:45:23.0000000","MLShort","30566.75","30543.5","465","57","93","285","465","62","93","hunterml_20260606_010015","1","0.40031280882028736"
"AUDIT_NQCONT_REDTIME_SHORTSTOP180_20260628","HunterML_NT_46506_20260615150800","2026-06-15T15:08:01.0000000","2026-06-15T15:13:21.0000000","MLLong","30735.75","30701.75","-680","136","74","680","370","135","202","hunterml_20260606_010015","-1","0.37401805001282751"
"AUDIT_NQCONT_REDTIME_SHORTSTOP180_20260628","HunterML_NT_47519_20260616090100","2026-06-16T09:01:01.0000000","2026-06-16T09:02:47.0000000","MLLong","30833","30847.5","290","16","58","80","290","39","58","hunterml_20260606_010015","1","0.39801676039092238"
"AUDIT_NQCONT_REDTIME_SHORTSTOP180_20260628","HunterML_NT_47533_20260616091500","2026-06-16T09:15:01.0000000","2026-06-16T09:16:11.0000000","MLLong","30871.75","30889","345","3","69","15","345","46","69","hunterml_20260606_010015","-1","0.38464092309574199"
"AUDIT_NQCONT_REDTIME_SHORTSTOP180_20260628","HunterML_NT_47603_20260616102500","2026-06-16T10:25:02.0000000","2026-06-16T10:31:18.0000000","MLShort","30900.25","30900","5","9","69","45","345","48","72","hunterml_20260606_010015","-1","0.3736769260216356"
"AUDIT_NQCONT_REDTIME_SHORTSTOP180_20260628","HunterML_NT_47639_20260616110100","2026-06-16T11:01:06.0000000","2026-06-16T11:05:56.0000000","MLShort","30876.75","30887.25","-210","42","19","210","95","39","58","hunterml_20260606_010015","1","0.38167914907270678"
"AUDIT_NQCONT_REDTIME_SHORTSTOP180_20260628","HunterML_NT_47663_20260616112500","2026-06-16T11:25:04.0000000","2026-06-16T11:26:41.0000000","MLLong","30902","30914","240","1","48","5","240","32","48","hunterml_20260606_010015","1","0.37148965119330618"
"AUDIT_NQCONT_REDTIME_SHORTSTOP180_20260628","HunterML_NT_47668_20260616113000","2026-06-16T11:30:01.0000000","2026-06-16T11:31:31.0000000","MLLong","30910.5","30902.25","-165","33","12","165","60","32","48","hunterml_20260606_010015","1","0.39018991416052545"
"AUDIT_NQCONT_REDTIME_SHORTSTOP180_20260628","HunterML_NT_47672_20260616113400","2026-06-16T11:34:01.0000000","2026-06-16T11:38:31.0000000","MLLong","30903.25","30916","255","5","51","25","255","34","51","hunterml_20260606_010015","1","0.37158147340992598"
"AUDIT_NQCONT_REDTIME_SHORTSTOP180_20260628","HunterML_NT_47679_20260616114100","2026-06-16T11:41:01.0000000","2026-06-16T11:52:34.0000000","MLLong","30925","30914.5","-210","42","39","210","195","39","58","hunterml_20260606_010015","1","0.41074951517257791"
"AUDIT_NQCONT_REDTIME_SHORTSTOP180_20260628","HunterML_NT_47714_20260616121600","2026-06-16T12:16:02.0000000","2026-06-16T12:19:05.0000000","MLLong","30955","30970.5","310","2","62","10","310","41","62","hunterml_20260606_010015","1","0.35889963221049159"
"AUDIT_NQCONT_REDTIME_SHORTSTOP180_20260628","HunterML_NT_47778_20260616132000","2026-06-16T13:20:01.0000000","2026-06-16T13:20:56.0000000","MLShort","30903","30886","340","0","68","0","340","45","68","hunterml_20260606_010015","-1","0.40004116840044918"
"AUDIT_NQCONT_REDTIME_SHORTSTOP180_20260628","HunterML_NT_47788_20260616133000","2026-06-16T13:30:01.0000000","2026-06-16T13:32:20.0000000","MLShort","30862","30836.5","510","40","102","200","510","68","102","hunterml_20260606_010015","1","0.38935782057183105"
"AUDIT_NQCONT_REDTIME_SHORTSTOP180_20260628","HunterML_NT_47793_20260616133500","2026-06-16T13:35:01.0000000","2026-06-16T13:42:16.0000000","MLShort","30860.75","30832.25","570","24","114","120","570","76","114","hunterml_20260606_010015","-1","0.37963199496735234"
"AUDIT_NQCONT_REDTIME_SHORTSTOP180_20260628","HunterML_NT_47808_20260616135000","2026-06-16T13:50:01.0000000","2026-06-16T13:50:19.0000000","MLShort","30828.5","30846","-350","70","0","350","0","68","102","hunterml_20260606_010015","-1","0.4048551091923443"
"AUDIT_NQCONT_REDTIME_SHORTSTOP180_20260628","HunterML_NT_47812_20260616135400","2026-06-16T13:54:01.0000000","2026-06-16T14:04:27.0000000","MLShort","30833.25","30832.75","10","54","85","270","425","69","104","hunterml_20260606_010015","-1","0.36013712866349828"
"AUDIT_NQCONT_REDTIME_SHORTSTOP180_20260628","HunterML_NT_47831_20260616141300","2026-06-16T14:13:01.0000000","2026-06-16T14:17:35.0000000","MLShort","30810.25","30825.75","-310","62","12","310","60","62","93","hunterml_20260606_010015","-1","0.41163179981954717"
"AUDIT_NQCONT_REDTIME_SHORTSTOP180_20260628","HunterML_NT_48898_20260617090000","2026-06-17T09:00:01.0000000","2026-06-17T09:00:47.0000000","MLLong","30560.5","30572.5","240","0","48","0","240","32","48","hunterml_20260606_010015","1","0.4073084722670452"
"AUDIT_NQCONT_REDTIME_SHORTSTOP180_20260628","HunterML_NT_48901_20260617090300","2026-06-17T09:03:01.0000000","2026-06-17T09:03:32.0000000","MLLong","30574.5","30565.5","-180","36","0","180","0","35","52","hunterml_20260606_010015","1","0.40198378335335982"
"AUDIT_NQCONT_REDTIME_SHORTSTOP180_20260628","HunterML_NT_48908_20260617091000","2026-06-17T09:10:03.0000000","2026-06-17T09:10:39.0000000","MLLong","30578","30567","-220","44","0","220","0","42","63","hunterml_20260606_010015","1","0.4057821953879226"
"AUDIT_NQCONT_REDTIME_SHORTSTOP180_20260628","HunterML_NT_48922_20260617092400","2026-06-17T09:24:02.0000000","2026-06-17T09:29:05.0000000","MLShort","30540.5","30521","390","8","78","40","390","52","78","hunterml_20260606_010015","-1","0.36741886446854988"
"AUDIT_NQCONT_REDTIME_SHORTSTOP180_20260628","HunterML_NT_48964_20260617100600","2026-06-17T10:06:03.0000000","2026-06-17T10:10:04.0000000","MLLong","30517.5","30503.5","-280","56","25","280","125","51","76","hunterml_20260606_010015","1","0.39068790741882198"
"AUDIT_NQCONT_REDTIME_SHORTSTOP180_20260628","HunterML_NT_49018_20260617110000","2026-06-17T11:00:01.0000000","2026-06-17T11:01:12.0000000","MLShort","30462.25","30444.25","360","8","72","40","360","48","72","hunterml_20260606_010015","-1","0.36900735804855167"
"AUDIT_NQCONT_REDTIME_SHORTSTOP180_20260628","HunterML_NT_49024_20260617110600","2026-06-17T11:06:01.0000000","2026-06-17T11:08:25.0000000","MLShort","30432","30444.75","-255","51","54","255","270","51","76","hunterml_20260606_010015","-1","0.36740051868863705"
"AUDIT_NQCONT_REDTIME_SHORTSTOP180_20260628","HunterML_NT_49029_20260617111100","2026-06-17T11:11:02.0000000","2026-06-17T11:14:43.0000000","MLShort","30438.75","30453.25","-290","58","16","290","80","58","87","hunterml_20260606_010015","-1","0.37459698066884578"
"AUDIT_NQCONT_REDTIME_SHORTSTOP180_20260628","HunterML_NT_49036_20260617111800","2026-06-17T11:18:01.0000000","2026-06-17T11:20:57.0000000","MLShort","30445.5","30458.5","-260","52","30","260","150","51","76","hunterml_20260606_010015","1","0.35016145189474801"
"AUDIT_NQCONT_REDTIME_SHORTSTOP180_20260628","HunterML_NT_49093_20260617121500","2026-06-17T12:15:01.0000000","2026-06-17T12:24:50.0000000","MLLong","30480","30480","0","26","49","130","245","46","69","hunterml_20260606_010015","1","0.36970382339465807"
"AUDIT_NQCONT_REDTIME_SHORTSTOP180_20260628","HunterML_NT_49138_20260617130000","2026-06-17T13:00:01.0000000","2026-06-17T13:03:27.0000000","MLShort","30417","30431","-280","56","6","280","30","55","82","hunterml_20260606_010015","-1","0.39535181266248415"
"AUDIT_NQCONT_REDTIME_SHORTSTOP180_20260628","HunterML_NT_49263_20260617150500","2026-06-17T15:05:01.0000000","2026-06-17T15:08:17.0000000","MLShort","30381.75","30426.75","-900","180","133","900","665","180","270","hunterml_20260606_010015","-1","0.39512205850402221"
"AUDIT_NQCONT_REDTIME_SHORTSTOP180_20260628","HunterML_NT_49289_20260617153100","2026-06-17T15:31:01.0000000","2026-06-17T15:32:47.0000000","MLLong","30485.5","30445","-810","162","18","810","90","162","243","hunterml_20260606_010015","1","0.40400759058959718"
"AUDIT_NQCONT_REDTIME_SHORTSTOP180_20260628","HunterML_NT_50341_20260618100300","2026-06-18T10:03:02.0000000","2026-06-18T10:06:01.0000000","MLShort","30407.75","30424.5","-335","67","12","335","60","66","99","hunterml_20260606_010015","1","0.4086243387741883"
"AUDIT_NQCONT_REDTIME_SHORTSTOP180_20260628","HunterML_NT_50399_20260618110100","2026-06-18T11:01:01.0000000","2026-06-18T11:08:36.0000000","MLLong","30478.75","30467","-235","47","27","235","135","42","63","hunterml_20260606_010015","1","0.3661962126407951"
"AUDIT_NQCONT_REDTIME_SHORTSTOP180_20260628","HunterML_NT_50437_20260618113900","2026-06-18T11:39:02.0000000","2026-06-18T11:43:13.0000000","MLShort","30459","30442.5","330","2","66","10","330","44","66","hunterml_20260606_010015","-1","0.34363761106766355"
"AUDIT_NQCONT_REDTIME_SHORTSTOP180_20260628","HunterML_NT_50446_20260618114800","2026-06-18T11:48:01.0000000","2026-06-18T12:00:32.0000000","MLShort","30435.5","30447.75","-245","49","28","245","140","45","68","hunterml_20260606_010015","-1","0.39112418983494063"
"AUDIT_NQCONT_REDTIME_SHORTSTOP180_20260628","HunterML_NT_50473_20260618121500","2026-06-18T12:15:01.0000000","2026-06-18T12:18:31.0000000","MLShort","30411","30384.75","525","10","105","50","525","70","105","hunterml_20260606_010015","0","0.35847465142611012"
"AUDIT_NQCONT_REDTIME_SHORTSTOP180_20260628","HunterML_NT_50483_20260618122500","2026-06-18T12:25:01.0000000","2026-06-18T12:26:10.0000000","MLShort","30385.5","30403.5","-360","72","6","360","30","71","106","hunterml_20260606_010015","-1","0.41176066165032771"
"AUDIT_NQCONT_REDTIME_SHORTSTOP180_20260628","HunterML_NT_50535_20260618131700","2026-06-18T13:17:02.0000000","2026-06-18T13:20:46.0000000","MLLong","30428","30450.5","450","12","90","60","450","60","90","hunterml_20260606_010015","1","0.36810904041858949"
"AUDIT_NQCONT_REDTIME_SHORTSTOP180_20260628","HunterML_NT_50652_20260618151400","2026-06-18T15:14:01.0000000","2026-06-18T15:18:05.0000000","MLLong","30535.75","30604","1365","141","273","705","1365","182","273","hunterml_20260606_010015","0","0.39653824697254919"
"AUDIT_NQCONT_REDTIME_SHORTSTOP180_20260628","HunterML_NT_51659_20260619090100","2026-06-19T09:01:05.0000000","2026-06-19T09:02:24.0000000","MLLong","30623.75","30612","-235","47","0","235","0","45","68","hunterml_20260606_010015","1","0.40268414809794462"
"AUDIT_NQCONT_REDTIME_SHORTSTOP180_20260628","HunterML_NT_51666_20260619090800","2026-06-19T09:08:11.0000000","2026-06-19T09:12:42.0000000","MLLong","30622.75","30640","345","17","69","85","345","46","69","hunterml_20260606_010015","1","0.37519047135233691"
"AUDIT_NQCONT_REDTIME_SHORTSTOP180_20260628","HunterML_NT_51673_20260619091500","2026-06-19T09:15:05.0000000","2026-06-19T09:23:18.0000000","MLLong","30632","30648.5","330","28","66","140","330","44","66","hunterml_20260606_010015","1","0.36032424145055214"
"AUDIT_NQCONT_REDTIME_SHORTSTOP180_20260628","HunterML_NT_51718_20260619100000","2026-06-19T10:00:04.0000000","2026-06-19T10:00:40.0000000","MLLong","30651.25","30664.25","260","0","52","0","260","35","52","hunterml_20260606_010015","1","0.40022520932639588"
"AUDIT_NQCONT_REDTIME_SHORTSTOP180_20260628","HunterML_NT_51788_20260619111000","2026-06-19T11:10:02.0000000","2026-06-19T11:21:09.0000000","MLShort","30619.5","30601.5","360","30","72","150","360","48","72","hunterml_20260606_010015","-1","0.39103870189778378"
"AUDIT_NQCONT_REDTIME_SHORTSTOP180_20260628","HunterML_NT_51806_20260619112800","2026-06-19T11:28:01.0000000","2026-06-19T11:30:29.0000000","MLShort","30577","30560","340","27","68","135","340","45","68","hunterml_20260606_010015","-1","0.4445943489767003"
"AUDIT_NQCONT_REDTIME_SHORTSTOP180_20260628","HunterML_NT_51811_20260619113300","2026-06-19T11:33:01.0000000","2026-06-19T11:36:22.0000000","MLShort","30566.5","30546.25","405","26","81","130","405","54","81","hunterml_20260606_010015","-1","0.41053279427364658"
"AUDIT_NQCONT_REDTIME_SHORTSTOP180_20260628","HunterML_NT_51821_20260619114300","2026-06-19T11:43:16.0000000","2026-06-19T11:47:03.0000000","MLShort","30559.75","30574.5","-295","59","35","295","175","58","87","hunterml_20260606_010015","1","0.3814093163969583"
"AUDIT_NQCONT_REDTIME_SHORTSTOP180_20260628","HunterML_NT_51918_20260619132000","2026-06-19T13:20:01.0000000","2026-06-19T13:30:02.0000000","MLShort","30574.5","30559.5","300","19","60","95","300","40","60","hunterml_20260606_010015","1","0.35140762157954031"
"AUDIT_NQCONT_REDTIME_SHORTSTOP180_20260628","HunterML_NT_52451_20260622091300","2026-06-22T09:13:01.0000000","2026-06-22T09:13:43.0000000","MLShort","30717.25","30731.5","-285","57","0","285","0","55","82","hunterml_20260606_010015","-1","0.42310668129282653"
"AUDIT_NQCONT_REDTIME_SHORTSTOP180_20260628","HunterML_NT_52460_20260622092200","2026-06-22T09:22:01.0000000","2026-06-22T09:23:11.0000000","MLShort","30713.25","30692.25","420","7","84","35","420","56","84","hunterml_20260606_010015","-1","0.38244450463987739"
"AUDIT_NQCONT_REDTIME_SHORTSTOP180_20260628","HunterML_NT_52466_20260622092800","2026-06-22T09:28:01.0000000","2026-06-22T09:32:26.0000000","MLShort","30712.25","30712.5","-5","5","78","25","390","54","81","hunterml_20260606_010015","-1","0.3727872838857752"
"AUDIT_NQCONT_REDTIME_SHORTSTOP180_20260628","HunterML_NT_52506_20260622100800","2026-06-22T10:08:01.0000000","2026-06-22T10:16:29.0000000","MLLong","30743","30729","-280","56","50","280","250","55","82","hunterml_20260606_010015","-1","0.36497048889721617"
"AUDIT_NQCONT_REDTIME_SHORTSTOP180_20260628","HunterML_NT_52577_20260622111900","2026-06-22T11:19:01.0000000","2026-06-22T11:21:49.0000000","MLLong","30750.75","30740.75","-200","40","11","200","55","39","58","hunterml_20260606_010015","-1","0.38261599813926905"
"AUDIT_NQCONT_REDTIME_SHORTSTOP180_20260628","HunterML_NT_52594_20260622113600","2026-06-22T11:36:01.0000000","2026-06-22T11:39:38.0000000","MLShort","30722.5","30708","290","16","58","80","290","39","58","hunterml_20260606_010015","-1","0.3771689983141655"
"AUDIT_NQCONT_REDTIME_SHORTSTOP180_20260628","HunterML_NT_52600_20260622114200","2026-06-22T11:42:02.0000000","2026-06-22T11:44:16.0000000","MLShort","30709","30718.5","-190","38","3","190","15","38","57","hunterml_20260606_010015","-1","0.41173482427113406"
"AUDIT_NQCONT_REDTIME_SHORTSTOP180_20260628","HunterML_NT_52637_20260622121900","2026-06-22T12:19:01.0000000","2026-06-22T12:33:16.0000000","MLShort","30737","30757.25","-405","81","32","405","160","79","118","hunterml_20260606_010015","-1","0.39046116369662071"
"AUDIT_NQCONT_REDTIME_SHORTSTOP180_20260628","HunterML_NT_52835_20260622153700","2026-06-22T15:37:01.0000000","2026-06-22T15:43:25.0000000","MLShort","30717.75","30650.25","1350","40","270","200","1350","180","270","hunterml_20260606_010015","1","0.3877697796810653"
"AUDIT_NQCONT_REDTIME_SHORTSTOP180_20260628","HunterML_NT_53822_20260623090400","2026-06-23T09:04:01.0000000","2026-06-23T09:06:48.0000000","MLShort","29869.75","29904.75","-700","140","100","700","500","139","208","hunterml_20260606_010015","1","0.4100275521941748"
"AUDIT_NQCONT_REDTIME_SHORTSTOP180_20260628","HunterML_NT_53882_20260623100400","2026-06-23T10:04:01.0000000","2026-06-23T10:12:34.0000000","MLLong","29857.5","29896.5","780","57","156","285","780","104","156","hunterml_20260606_010015","-1","0.3647586843084768"
"AUDIT_NQCONT_REDTIME_SHORTSTOP180_20260628","HunterML_NT_53959_20260623112100","2026-06-23T11:21:01.0000000","2026-06-23T11:24:36.0000000","MLShort","29870","29847","460","44","92","220","460","61","92","hunterml_20260606_010015","-1","0.37503891463372807"
"AUDIT_NQCONT_REDTIME_SHORTSTOP180_20260628","HunterML_NT_53977_20260623113900","2026-06-23T11:39:01.0000000","2026-06-23T11:41:33.0000000","MLShort","29802.5","29776","530","10","106","50","530","71","106","hunterml_20260606_010015","-1","0.40573162993490913"
"AUDIT_NQCONT_REDTIME_SHORTSTOP180_20260628","HunterML_NT_53989_20260623115100","2026-06-23T11:51:02.0000000","2026-06-23T11:56:49.0000000","MLShort","29796","29816.75","-415","83","61","415","305","82","123","hunterml_20260606_010015","-1","0.4098508870415869"
"AUDIT_NQCONT_REDTIME_SHORTSTOP180_20260628","HunterML_NT_54086_20260623132800","2026-06-23T13:28:01.0000000","2026-06-23T13:30:28.0000000","MLShort","29767","29788","-420","84","11","420","55","84","126","hunterml_20260606_010015","-1","0.40907817941041352"
"AUDIT_NQCONT_REDTIME_SHORTSTOP180_20260628","HunterML_NT_54141_20260623142300","2026-06-23T14:23:01.0000000","2026-06-23T14:25:22.0000000","MLLong","29734","29710.25","-475","95","85","475","425","95","142","hunterml_20260606_010015","-1","0.3729605111875387"
"AUDIT_NQCONT_REDTIME_SHORTSTOP180_20260628","HunterML_NT_54203_20260623152500","2026-06-23T15:25:01.0000000","2026-06-23T15:26:24.0000000","MLLong","29994","29946.25","-955","191","33","955","165","191","286","hunterml_20260606_010015","1","0.3901251775010503"
"AUDIT_NQCONT_REDTIME_SHORTSTOP180_20260628","HunterML_NT_55200_20260624090200","2026-06-24T09:02:01.0000000","2026-06-24T09:04:35.0000000","MLShort","29790.5","29808.5","-360","72","9","360","45","70","105","hunterml_20260606_010015","1","0.37966580646838027"
"AUDIT_NQCONT_REDTIME_SHORTSTOP180_20260628","HunterML_NT_55325_20260624110700","2026-06-24T11:07:04.0000000","2026-06-24T11:08:29.0000000","MLShort","29792.25","29807","-295","59","21","295","105","59","88","hunterml_20260606_010015","1","0.3919207713785956"
"AUDIT_NQCONT_REDTIME_SHORTSTOP180_20260628","HunterML_NT_55358_20260624114000","2026-06-24T11:40:02.0000000","2026-06-24T11:42:47.0000000","MLLong","29822.75","29840","345","22","69","110","345","46","69","hunterml_20260606_010015","1","0.35559697420214692"
"AUDIT_NQCONT_REDTIME_SHORTSTOP180_20260628","HunterML_NT_55405_20260624122700","2026-06-24T12:27:01.0000000","2026-06-24T12:30:32.0000000","MLShort","29753","29768.5","-310","62","14","310","70","62","93","hunterml_20260606_010015","-1","0.36292258875522282"
"AUDIT_NQCONT_REDTIME_SHORTSTOP180_20260628","HunterML_NT_55773_20260625100100","2026-06-25T10:01:05.0000000","2026-06-25T10:02:17.0000000","MLShort","30134.75","30115.75","380","5","76","25","380","51","76","hunterml_20260606_010015","-1","0.40293011212681601"
"AUDIT_NQCONT_REDTIME_SHORTSTOP180_20260628","HunterML_NT_55837_20260625110500","2026-06-25T11:05:01.0000000","2026-06-25T11:08:17.0000000","MLShort","30139.5","30151.25","-235","47","29","235","145","44","66","hunterml_20260606_010015","-1","0.37528920472471544"
"AUDIT_NQCONT_REDTIME_SHORTSTOP180_20260628","HunterML_NT_55850_20260625111800","2026-06-25T11:18:01.0000000","2026-06-25T11:20:43.0000000","MLLong","30158.25","30147.25","-220","44","28","220","140","44","66","hunterml_20260606_010015","1","0.37379821205169633"
"AUDIT_NQCONT_REDTIME_SHORTSTOP180_20260628","HunterML_NT_55921_20260625122900","2026-06-25T12:29:01.0000000","2026-06-25T12:41:49.0000000","MLShort","30115.5","30129","-270","54","66","270","330","52","78","hunterml_20260606_010015","1","0.39049025288823375"
"AUDIT_NQCONT_REDTIME_SHORTSTOP180_20260628","HunterML_NT_55986_20260625133400","2026-06-25T13:34:01.0000000","2026-06-25T13:36:56.0000000","MLLong","30180.25","30224.75","890","16","178","80","890","119","178","hunterml_20260606_010015","1","0.35529646037868096"
"AUDIT_NQCONT_REDTIME_SHORTSTOP180_20260628","HunterML_NT_55993_20260625134100","2026-06-25T13:41:01.0000000","2026-06-25T14:03:25.0000000","MLLong","30183.25","30183","-5","31","176","155","880","124","186","hunterml_20260606_010015","-1","0.38007337998019403"
"AUDIT_NQCONT_REDTIME_SHORTSTOP180_20260628","HunterML_NT_57178_20260626102600","2026-06-26T10:26:01.0000000","2026-06-26T10:35:05.0000000","MLShort","29364.25","29387.5","-465","93","46","465","230","90","135","hunterml_20260606_010015","-1","0.40799243380604511"
"AUDIT_NQCONT_REDTIME_SHORTSTOP180_20260628","HunterML_NT_57255_20260626114300","2026-06-26T11:43:01.0000000","2026-06-26T11:46:33.0000000","MLShort","29355.5","29372.5","-340","68","32","340","160","66","99","hunterml_20260606_010015","1","0.39254369786505999"
"AUDIT_NQCONT_REDTIME_SHORTSTOP180_20260628","HunterML_NT_57379_20260626134700","2026-06-26T13:47:02.0000000","2026-06-26T13:52:31.0000000","MLShort","29333.25","29301.75","630","56","126","280","630","84","126","hunterml_20260606_010015","-1","0.34085098046662882"
"AUDIT_NQCONT_REDTIME_SHORTSTOP180_20260628","HunterML_NT_57387_20260626135500","2026-06-26T13:55:01.0000000","2026-06-26T14:00:13.0000000","MLShort","29337.5","29305.25","645","24","129","120","645","86","129","hunterml_20260606_010015","0","0.34613666875460009"
"AUDIT_NQCONT_REDTIME_SHORTSTOP180_20260628","HunterML_NT_57405_20260626141300","2026-06-26T14:13:01.0000000","2026-06-26T14:18:41.0000000","MLShort","29275.5","29244","630","59","126","295","630","84","126","hunterml_20260606_010015","-1","0.36465641627723239"
